iso3,year,gdp_pc_const2015,population,n_loans,total_loan_amount,kiva_active,log_gdp_pc,log_population,c_log_gdp_pc,c_log_gdp_pc_sq,institutional_pca1,institutional_index,financial_access_index
ABW,2013,26680.1411206342,105675.0,0.0,0.0,0,10.191674789394664,11.56812362543499,1.4255933044921196,2.0323162698127613,,,
ABW,2014,26773.8229102391,106807.0,0.0,0.0,0,10.195179932080267,11.578778746431539,1.4290984471777222,2.042322371725777,,,
ABW,2015,27458.2201537506,107906.0,0.0,0.0,0,10.220420861261761,11.58901575674377,1.4543393763592167,2.1151030216289155,,,
ABW,2016,27587.2498040483,108727.0,0.0,0.0,0,10.225108981345736,11.596595432329993,1.4590274964431913,2.1287612353772865,,,
ABW,2017,28548.8904317739,108735.0,0.0,0.0,0,10.25937335029299,11.596669008403088,1.4932918653904448,2.2299205952412744,,,
AFG,2013,580.603833333096,31622704.0,0.0,0.0,0,6.364068653933694,17.26938590158588,-2.40201283096885,5.7696656401389905,-2.080862286289141,-1.8086211856510364,-0.8064937214657864
AFG,2014,575.146245808546,32792523.0,1.0,6000.0,1,6.354624348994881,17.30571109005108,-2.4114571359076633,5.815125518319991,-2.080862286289141,-1.8086211856510364,-0.8064937214657864
AFG,2015,565.569730408751,33831764.0,0.0,0.0,0,6.337833595485375,17.33691068246577,-2.42824788941717,5.896387812458941,-2.080862286289141,-1.8086211856510364,-0.8064937214657864
AFG,2016,563.872336723147,34700612.0,1.0,8000.0,1,6.334827872548525,17.362267881649167,-2.43125361235402,5.910994127584471,-2.080862286289141,-1.8086211856510364,-0.8064937214657864
AFG,2017,562.769574140988,35688935.0,0.0,0.0,0,6.3328702621956765,17.390351254729715,-2.433211222706868,5.920516854306652,-2.080862286289141,-1.8086211856510364,-0.8064937214657864
AGO,2013,3716.29718727597,26165620.0,0.0,0.0,0,8.22048307178325,17.079956893284507,-0.5455984131192952,0.29767762839829315,,,
AGO,2014,3746.81619978931,27160769.0,0.0,0.0,0,8.228661744958945,17.11728417395056,-0.5374197399435996,0.2888199768810462,,,
AGO,2015,3641.72893920253,28157798.0,0.0,0.0,0,8.200213831159326,17.15333489017392,-0.5658676537432186,0.3202062015528551,,,
AGO,2016,3505.59634681792,29183070.0,0.0,0.0,0,8.16211592674171,17.18909930457212,-0.6039655581608354,0.36477439544452944,,,
AGO,2017,3378.07588102598,30234839.0,0.0,0.0,0,8.125061560415029,17.22450542672075,-0.6410199244875159,0.4109065435899806,,,
ALB,2013,3895.89975621942,2816902.0,506.0,783475.0,1,8.267679934508259,14.851148257470973,-0.498401550394286,0.248404105435428,0.4953361171125194,0.4189168349289578,0.3316761250059135
ALB,2014,4045.11934884933,2773767.0,597.0,897825.0,1,8.305266334335276,14.835716882097046,-0.46081515056726907,0.21235060299233485,0.4953361171125194,0.4189168349289578,0.3316761250059135
ALB,2015,4199.53912925398,2731293.0,637.0,841975.0,1,8.342730067120554,14.8202856814092,-0.4233514177819906,0.17922642293802155,0.4953361171125194,0.4189168349289578,0.3316761250059135
ALB,2016,4431.55635814168,2689469.0,476.0,639050.0,1,8.396506123719536,14.804854334323002,-0.36957536118300816,0.13658594759355094,0.4953361171125194,0.4189168349289578,0.3316761250059135
ALB,2017,4648.23078660658,2648285.0,529.0,734400.0,1,8.444241950183459,14.789422818646306,-0.32183953471908566,0.10358068610819754,0.4953361171125194,0.4189168349289578,0.3316761250059135
AND,2013,35684.1694347737,75194.0,0.0,0.0,0,10.482462436222539,11.227826719520717,1.7163809513199944,2.9459635700541287,,,
AND,2014,37300.6244197096,73737.0,0.0,0.0,0,10.526765345966576,11.208259987478034,1.760683861064031,3.100007658611344,,,
AND,2015,38654.9347217207,72174.0,0.0,0.0,0,10.562429723012254,11.186835149222128,1.7963482381097098,3.2268669925598585,,,
AND,2016,40085.020598622,72181.0,0.0,0.0,0,10.598757992350489,11.186932132354066,1.8326765074479443,3.3587031809515953,,,
AND,2017,39361.0622648699,73763.0,0.0,0.0,0,10.580532339238744,11.208612529854566,1.814450854336199,3.2922319028013627,,,
ARE,2013,44312.6320463505,7693031.0,0.0,0.0,0,10.699025063159477,15.855825412070285,1.932943578256932,3.736270876724712,,,
ARE,2014,44257.6652085451,8059440.0,0.0,0.0,0,10.697783860486215,15.90235463316085,1.9317023755836704,3.7314740678355958,,,
ARE,2015,44910.3458860776,8505237.0,0.0,0.0,0,10.712423467812927,15.95619264938505,1.9463419829103827,3.7882471144395207,,,
ARE,2016,45168.4955973912,8935095.0,0.0,0.0,0,10.718155122745136,16.005497338863854,1.9520736378425916,3.8105914875600093,,,
ARE,2017,43293.0202360765,9223225.0,0.0,0.0,0,10.67574670552552,16.037235317453195,1.9096652206229763,3.6468212548570005,,,
ARG,2013,13946.0950832252,42582455.0,0.0,0.0,0,9.54295482571449,17.566952871944164,0.7768733408119459,0.6035321876643139,,,
ARG,2014,13456.1319159151,43024071.0,0.0,0.0,0,9.507190185666095,17.577270307731148,0.7411087007635508,0.5492421063474383,,,
ARG,2015,13679.6264980954,43477012.0,0.0,0.0,0,9.52366288803301,17.58774289660472,0.757581403130466,0.5739295823691256,,,
ARG,2016,13265.8860639123,43900313.0,0.0,0.0,0,9.492951061469718,17.59743200786053,0.7268695765671733,0.5283393813389419,,,
ARG,2017,13520.1129846159,44288894.0,0.0,0.0,0,9.511933706412325,17.606244503810657,0.7458522215097805,0.5562955363310746,,,
ARM,2013,3266.29882999873,3022000.0,2218.0,4035775.0,1,8.09141276658874,14.921429421814821,-0.6746687183138054,0.45517787947119287,0.2705156398593861,0.2624953196700972,0.4868735535433223
ARM,2014,3393.09252326884,3013800.0,2021.0,3366000.0,1,8.129497033280357,14.918712298966192,-0.6365844516221877,0.4052397640471214,0.2705156398593861,0.2624953196700972,0.4868735535433223
ARM,2015,3512.39350276709,3004600.0,2410.0,3336250.0,1,8.164052993685441,14.91565500561046,-0.6020284912171032,0.36243830423714174,0.2705156398593861,0.2624953196700972,0.4868735535433223
ARM,2016,3533.88503607007,2992300.0,2987.0,4482650.0,1,8.170153121527093,14.911552880429745,-0.5959283633754513,0.3551306142753439,0.2705156398593861,0.2624953196700972,0.4868735535433223
ARM,2017,3815.3747426037,2979400.0,2107.0,3073425.0,1,8.246794167624104,14.90723249592763,-0.5192873172784402,0.2696593178862395,0.2705156398593861,0.2624953196700972,0.4868735535433223
ASM,2013,11871.7937192729,54006.0,0.0,0.0,0,9.381920589858035,10.89685043048514,0.6158391049554908,0.37925780319237995,,,
ASM,2014,12203.0894714284,53466.0,0.0,0.0,0,9.40944443402567,10.886801216840775,0.6433629491231247,0.4139158843044044,,,
ASM,2015,12727.4102651386,52878.0,0.0,0.0,0,9.451513235281285,10.875742652327716,0.6854317503787399,0.46981668442726326,,,
ASM,2016,12665.2829921268,52245.0,0.0,0.0,0,9.446619906609893,10.86369947146821,0.6805384217073485,0.4631325434199289,,,
ASM,2017,11930.7771236826,51586.0,0.0,0.0,0,9.386876653262345,10.851005596826855,0.6207951683598001,0.38538664105887255,,,
ATG,2013,15748.1952024226,88064.0,0.0,0.0,0,9.664481047365431,11.385819101852961,0.8983995624628864,0.8071217738335058,,,
ATG,2014,15967.284996712,88765.0,0.0,0.0,0,9.678297220288695,11.393747707140898,0.91221573538615,0.8321375478860944,,,
ATG,2015,16077.6340769406,89409.0,0.0,0.0,0,9.685184397388992,11.400976627235545,0.9191029124864478,0.8447501637410709,,,
ATG,2016,16635.895232831,89969.0,0.0,0.0,0,9.719318003225215,11.407220445533344,0.9532365183226705,0.9086598598639269,,,
ATG,2017,16992.9327495236,90468.0,0.0,0.0,0,9.740552815986323,11.412751475999702,0.9744713310837785,0.949594375104191,,,
AUS,2013,55966.1509270561,23128129.0,0.0,0.0,0,10.932502339233968,16.956560140317556,2.166420854331424,4.693379318082096,,,
AUS,2014,56571.8062524437,23475686.0,0.0,0.0,0,10.94326601733858,16.97147580520884,2.1771845324360353,4.740132488278718,,,
AUS,2015,56970.3613028094,23815995.0,0.0,0.0,0,10.950286434437997,16.98586797173483,2.1842049495354523,4.7707512615751675,,,
AUS,2016,57632.9995925594,24190907.0,0.0,0.0,0,10.96185059222698,17.001487376715872,2.195769107324436,4.82140197268035,,,
AUS,2017,57991.771347333,24592588.0,0.0,0.0,0,10.96805640614174,17.017955654689374,2.201974921239195,4.848693553766359,,,
AUT,2013,43851.3675497404,8479823.0,0.0,0.0,0,10.688561184309245,15.95320013490874,1.9224796994067006,3.695928194630878,,,
AUT,2014,43838.8345892137,8546356.0,0.0,0.0,0,10.688275337993321,15.961015551233999,1.9221938530907767,3.6948292088599666,,,
AUT,2015,43915.228020857,8642699.0,0.0,0.0,0,10.690016418660566,15.972225476257695,1.9239349337580212,3.701525629334481,,,
AUT,2016,44362.6702805116,8736668.0,0.0,0.0,0,10.700153635335925,15.983039439244974,1.93407215043338,3.7406350830819988,,,
AUT,2017,45056.6385912412,8797566.0,0.0,0.0,0,10.715675612695888,15.989985650281024,1.9495941277933433,3.800917263126287,,,
AZE,2013,5425.99559780578,9416801.0,1103.0,2246725.0,1,8.598956681903728,16.05800599227359,-0.16712480299881705,0.027930699777393406,-0.0150797117754313,0.0146587747071532,-0.2721452681157406
AZE,2014,5508.60265612676,9535079.0,986.0,1671400.0,1,8.61406626855578,16.07048808224715,-0.15201521634676496,0.023108626000953755,-0.0150797117754313,0.0146587747071532,-0.2721452681157406
AZE,2015,5500.50364628486,9649341.0,656.0,861950.0,1,8.61259493907989,16.08240018082785,-0.15348654582265375,0.02355811974856959,-0.0150797117754313,0.0146587747071532,-0.2721452681157406
AZE,2016,5272.71817141861,9757812.0,303.0,355350.0,1,8.570301290618433,16.09357875292924,-0.19578019428411153,0.03832988447392446,-0.0150797117754313,0.0146587747071532,-0.2721452681157406
AZE,2017,5229.25259993413,9854033.0,0.0,0.0,0,8.562023640524542,16.10339137097429,-0.20405784437800278,0.0416396038521972,-0.0150797117754313,0.0146587747071532,-0.2721452681157406
BDI,2013,259.311117203355,10439341.0,380.0,1003200.0,1,5.558028565529743,16.161092015821087,-3.2080529193728013,10.291603533496353,-1.379407877621485,-1.2421188437816004,
BDI,2014,261.296721752002,10799785.0,391.0,1162750.0,1,5.565656626531303,16.195036784488885,-3.2004248583712416,10.242719274080581,-1.379407877621485,-1.2421188437816004,
BDI,2015,254.402585226788,11047580.0,274.0,837000.0,1,5.538917993469318,16.217721957418156,-3.2271634914332266,10.414584200439492,-1.379407877621485,-1.2421188437816004,
BDI,2016,258.061970804063,11239451.0,179.0,564700.0,1,5.55319975299393,16.234940557820572,-3.212881731908615,10.3226090232321,-1.379407877621485,-1.2421188437816004,
BDI,2017,261.725839287239,11506762.0,36.0,103400.0,1,5.567297540952551,16.258445420529213,-3.1987839439499934,10.232218720072275,-1.379407877621485,-1.2421188437816004,
BEL,2013,40007.8997891411,11159407.0,0.0,0.0,0,10.596832208325084,16.227793377304945,1.8307507234225397,3.3516482113121526,,,
BEL,2014,40533.9135027898,11209057.0,0.0,0.0,0,10.609894273134854,16.232232670189696,1.8438127882323094,3.3996455980490032,,,
BEL,2015,40893.804537772,11274196.0,0.0,0.0,0,10.618733852262814,16.238027132606476,1.8526523673602693,3.43232079428561,,,
BEL,2016,41172.8862831209,11331422.0,0.0,0.0,0,10.625535218770558,16.24309013263099,1.8594537338680137,3.457568188395698,,,
BEL,2017,41619.328629169,11375158.0,0.0,0.0,0,10.636319968850893,16.24694241281471,1.8702384839483486,3.4977919868414173,,,
BEN,2013,982.399206290516,10708834.0,447.0,366575.0,1,6.889997749463516,16.186579566282386,-1.8760837354390283,3.519690182378858,-0.060552466438604,-0.0720176035063484,-0.6836300378046302
BEN,2014,1014.4330062135,11030004.0,496.0,468950.0,1,6.92208512082466,16.216129753876945,-1.843996364077885,3.4003225907324595,-0.060552466438604,-0.0720176035063484,-0.6836300378046302
BEN,2015,1002.41886879614,11360681.0,0.0,0.0,0,6.91017122702415,16.245668916643616,-1.8559102578783948,3.44440288529825,-0.060552466438604,-0.0720176035063484,-0.6836300378046302
BEN,2016,1006.03926633023,11697842.0,0.0,0.0,0,6.913776382035356,16.27491493831157,-1.8523051028671889,3.431034194107827,-0.060552466438604,-0.0720176035063484,-0.6836300378046302
BEN,2017,1032.90471194182,12039780.0,1.0,50000.0,1,6.940130220858916,16.30372672525276,-1.8259512640436286,3.3340980186625253,-0.060552466438604,-0.0720176035063484,-0.6836300378046302
BFA,2013,616.741331164082,17695409.0,299.0,319150.0,1,6.42444969963834,16.688815785368554,-2.3416317852642043,5.483239417759624,-0.5300958940549196,-0.4279539490148614,-0.7678303811541541
BFA,2014,624.576885187665,18229461.0,377.0,470575.0,1,6.437074436779726,16.718549579569363,-2.3290070481228184,5.424273830205764,-0.5300958940549196,-0.4279539490148614,-0.7678303811541541
BFA,2015,630.124750752312,18777487.0,649.0,848800.0,1,6.445917816849948,16.74816921022413,-2.3201636680525963,5.383159446551279,-0.5300958940549196,-0.4279539490148614,-0.7678303811541541
BFA,2016,648.420480176012,19334856.0,817.0,1057400.0,1,6.474539375075245,16.777420035361978,-2.2915421098273,5.251165241111753,-0.5300958940549196,-0.4279539490148614,-0.7678303811541541
BFA,2017,669.276310328333,19894407.0,971.0,1023675.0,1,6.506196994781748,16.805949194914902,-2.259884490120797,5.107077908688534,-0.5300958940549196,-0.4279539490148614,-0.7678303811541541
BGD,2013,1103.15695907123,156532141.0,0.0,0.0,0,7.005931311098014,18.868771920660087,-1.7601501738045302,3.0981286343441177,,,
BGD,2014,1159.40753475981,157964929.0,0.0,0.0,0,7.055664407728581,18.87788359799819,-1.7104170771739637,2.925526577888325,,,
BGD,2015,1224.38647668165,159383179.0,0.0,0.0,0,7.110195162156987,18.886821791775866,-1.6558863227455571,2.7419595138558033,,,
BGD,2016,1299.83091360792,160811932.0,0.0,0.0,0,7.169989468534807,18.89574611593626,-1.596092016367738,2.5475097247128313,,,
BGD,2017,1373.75363740186,162186147.0,0.0,0.0,0,7.225302153504579,18.904255289093154,-1.5407793313979656,2.374000948063162,,,
BGR,2013,6793.08253592745,7160005.0,0.0,0.0,0,8.82366009926138,15.784021237260607,0.05757861435883527,0.0033152968314834707,0.9917900158387228,0.8583867504146934,1.674850785044617
BGR,2014,6941.37319825776,7073572.0,0.0,0.0,0,8.845254901111836,15.771876143665825,0.07917341620929186,0.0062684298342497585,0.9917900158387228,0.8583867504146934,1.674850785044617
BGR,2015,7269.02586513711,6984225.0,0.0,0.0,0,8.891377567758276,15.75916459247748,0.12529608285573168,0.01569910837899038,0.9917900158387228,0.8583867504146934,1.674850785044617
BGR,2016,7586.89174668116,6894139.0,0.0,0.0,0,8.934177266972299,15.746182188315798,0.16809578206975395,0.028256191949642216,0.9917900158387228,0.8583867504146934,1.674850785044617
BGR,2017,7899.11056589871,6803468.0,0.0,0.0,0,8.974505445521666,15.732943040140535,0.20842396061912183,0.043440547360161244,0.9917900158387228,0.8583867504146934,1.674850785044617
BHR,2013,24271.6278814506,1253191.0,0.0,0.0,0,10.097063370284674,14.04120365641932,1.3309818853821298,1.7715127792153689,,,
BHR,2014,24135.4991304849,1314562.0,0.0,0.0,0,10.091439028654932,14.08901408826268,1.3253575437523875,1.7565726187813617,,,
BHR,2015,23734.0551143019,1370322.0,0.0,0.0,0,10.07466622038898,14.130556306683907,1.308584735486436,1.7123940099481054,,,
BHR,2016,23715.2791328712,1423726.0,0.0,0.0,0,10.073874808551128,14.168787936709439,1.3077933236485837,1.7103233773798092,,,
BHR,2017,23606.8867501313,1501116.0,0.0,0.0,0,10.069293759891265,14.221719389441638,1.30321227498872,1.6983622336812754,,,
BHS,2013,30368.2631244189,378953.0,0.0,0.0,0,10.321153365901191,12.845167465820529,1.5550718809986463,2.418248555072668,,,
BHS,2014,30658.5344563722,382298.0,0.0,0.0,0,10.330666351425958,12.853955688177228,1.564584866523413,2.447925804554086,,,
BHS,2015,30719.405417469,385346.0,0.0,0.0,0,10.332649832174202,12.861896910978396,1.566568347271657,2.4541363866734507,,,
BHS,2016,30152.1619246021,388055.0,0.0,0.0,0,10.314011905209883,12.868902361136783,1.5479304203073383,2.396088586112853,,,
BHS,2017,30974.7477261317,390485.0,0.0,0.0,0,10.340927562029366,12.875144835232174,1.5748460771268213,2.480140166641738,,,
BIH,2013,4306.73175072214,3610859.0,0.0,0.0,0,8.367934600951074,15.099456252141923,-0.3981468839514708,0.15852094120026594,0.0434442849339362,0.0296638603820751,0.5688488806411871
BIH,2014,4412.67617817734,3564829.0,0.0,0.0,0,8.392236627510174,15.0866266443407,-0.3738448573923705,0.13975997739872184,0.0434442849339362,0.0296638603820751,0.5688488806411871
BIH,2015,4662.25869219448,3518541.0,0.0,0.0,0,8.44725530758742,15.073556973013757,-0.31882617731512397,0.10165013134137488,0.0434442849339362,0.0296638603820751,0.5688488806411871
BIH,2016,4876.53471495633,3473003.0,0.0,0.0,0,8.492190147213005,15.060530195532346,-0.2738913376895393,0.07501646486136526,0.0434442849339362,0.0296638603820751,0.5688488806411871
BIH,2017,5099.81602856447,3428682.0,0.0,0.0,0,8.53695974523128,15.047686488736886,-0.22912173967126392,0.05249677158998644,0.0434442849339362,0.0296638603820751,0.5688488806411871
BLR,2013,6115.43288098707,9443211.0,0.0,0.0,0,8.718570835638193,16.06080662858945,-0.04751064926435156,0.002257261793520229,,,
BLR,2014,6212.91667418659,9448515.0,0.0,0.0,0,8.734385738447378,16.06136814426455,-0.03169574645516704,0.001004620343350234,,,
BLR,2015,5967.05595058777,9461076.0,0.0,0.0,0,8.694008944147766,16.062696676631802,-0.0720725407547782,0.005194451130849165,,,
BLR,2016,5811.20159182547,9469379.0,0.0,0.0,0,8.667542642890593,16.06357388751051,-0.09853884201195129,0.009709903385056297,,,
BLR,2017,5964.89668834561,9458989.0,0.0,0.0,0,8.69364701474173,16.062476064281004,-0.07243447016081461,0.005246752467477942,,,
BLZ,2013,6013.07879895362,341627.0,76.0,27825.0,1,8.70169217571898,12.741474777585717,-0.06438930918356434,0.004145983137136643,0.0401767239526889,-0.0374139013347947,0.1591864686325823
BLZ,2014,6116.49578852783,348923.0,102.0,103500.0,1,8.718744627943913,12.76260654646961,-0.04733685695863166,0.002240778026721954,0.0401767239526889,-0.0374139013347947,0.1591864686325823
BLZ,2015,6154.62264230369,356333.0,0.0,0.0,0,8.724958727608884,12.78362096588494,-0.04112275729366033,0.0016910811674332937,0.0401767239526889,-0.0374139013347947,0.1591864686325823
BLZ,2016,6012.21296983668,364705.0,23.0,10525.0,1,8.701548174369977,12.80684408660134,-0.06453331053256761,0.004164548168292802,0.0401767239526889,-0.0374139013347947,0.1591864686325823
BLZ,2017,5767.61921963762,373202.0,8.0,4200.0,1,8.660014660772736,12.829875106997772,-0.10606682412980817,0.011250171180983657,0.0401767239526889,-0.0374139013347947,0.1591864686325823
BMU,2013,107860.394791964,63574.0,0.0,0.0,0,11.588593029110404,11.05995986071321,2.8225115442078597,7.966571417186636,,,
BMU,2014,103941.982606956,63529.0,0.0,0.0,0,11.551588162913477,11.0592517735417,2.7855066780109325,7.759047453243501,,,
BMU,2015,104855.366822135,63464.0,0.0,0.0,0,11.560337220734333,11.058228094981839,2.794255735831788,7.807865117228848,,,
BMU,2016,104190.876720334,63449.0,0.0,0.0,0,11.553979849001156,11.057991712577044,2.787898364098611,7.772377288543711,,,
BMU,2017,107734.608357327,63578.0,0.0,0.0,0,11.587426151890876,11.060022777537188,2.821344666988331,7.959985729943496,,,
BOL,2013,2793.51457124054,10682608.0,3032.0,5461050.0,1,7.935055785008936,16.184127556442192,-0.8310256998936083,0.6906037138836615,-0.5676760706634482,-0.542056601234785,0.9704799525757932
BOL,2014,2900.90241571477,10848888.0,2636.0,5000425.0,1,7.972777145401465,16.199573144219176,-0.7933043395010797,0.6293317750712444,-0.5676760706634482,-0.542056601234785,0.9704799525757932
BOL,2015,2996.01289811344,11014705.0,2979.0,6874750.0,1,8.005037649739139,16.214741756198574,-0.7610438351634059,0.5791877190402254,-0.5676760706634482,-0.542056601234785,0.9704799525757932
BOL,2016,3077.57057582774,11180020.0,2488.0,5801325.0,1,8.031895790639762,16.229638814598392,-0.7341856942627825,0.5390286336601239,-0.5676760706634482,-0.542056601234785,0.9704799525757932
BOL,2017,3160.16421247588,11344587.0,1930.0,5036550.0,1,8.058379271204153,16.244251271831377,-0.7077022136983917,0.5008424232736041,-0.5676760706634482,-0.542056601234785,0.9704799525757932
BRA,2013,9366.73932434359,198478299.0,10.0,13650.0,1,9.144920323671,19.106190327178084,0.3788388387684556,0.1435188657594319,0.0994668940036019,0.130527015487773,0.4866610864791008
BRA,2014,9338.34278278114,200085127.0,50.0,66550.0,1,9.141884083229511,19.11425346895543,0.37580259832696683,0.14122759290929957,0.0994668940036019,0.130527015487773,0.4866610864791008
BRA,2015,8936.19661712113,201675532.0,39.0,52300.0,1,9.097865343318206,19.12217068669136,0.3317838584156618,0.11008052870518394,0.0994668940036019,0.130527015487773,0.4866610864791008
BRA,2016,8577.84376650911,203218114.0,97.0,277625.0,1,9.05693785163387,19.129790413396325,0.290856366731326,0.08459742606814759,0.0994668940036019,0.130527015487773,0.4866610864791008
BRA,2017,8628.25308908043,204703445.0,286.0,782200.0,1,9.062797340537387,19.1370728799965,0.29671585563484193,0.08804029898511635,0.0994668940036019,0.130527015487773,0.4866610864791008
BRB,2013,20521.1209928514,277665.0,0.0,0.0,0,9.929209927073838,12.534170630061896,1.1631284421712937,1.3528677729878207,,,
BRB,2014,20636.0327188055,278348.0,0.0,0.0,0,9.934793987884,12.53662740838735,1.168712502981455,1.3658889146251771,,,
BRB,2015,20429.4747123553,278990.0,0.0,0.0,0,9.924733975897922,12.538931217867246,1.1586524909953777,1.3424755948897937,,,
BRB,2016,20673.7682337375,279598.0,0.0,0.0,0,9.936620940546945,12.541108136240386,1.1705394556444002,1.3701626172202888,,,
BRB,2017,20766.5518491129,280171.0,0.0,0.0,0,9.941098887156977,12.543155410027023,1.1750174022544329,1.3806658956007556,,,
BRN,2013,32381.0739795231,411202.0,0.0,0.0,0,10.385329394671794,12.926839856924493,1.6192479097692498,2.6219637932920845,,,
BRN,2014,31148.7297405401,416750.0,0.0,0.0,0,10.34652874458926,12.940241800613041,1.580447259686716,2.4978135406512503,,,
BRN,2015,30625.1287744656,422212.0,0.0,0.0,0,10.329576152718698,12.953262836540999,1.563494667816153,2.4445155762895427,,,
BRN,2016,29492.4145927789,427564.0,0.0,0.0,0,10.291888376815523,12.965859263756226,1.5258068919129784,2.3280866714091433,,,
BRN,2017,29524.65912789,432772.0,0.0,0.0,0,10.292981095796208,12.977966309412354,1.526899610893663,2.3314224217472193,,,
BTN,2013,2671.07460201171,725273.0,0.0,0.0,0,7.890236143087459,13.494303414683142,-0.8758453418150856,0.767105062779184,1.5508858378612786,1.3513278835926263,0.1610565829179904
BTN,2014,2797.81883971908,733139.0,0.0,0.0,0,7.936595406781572,13.50509059454173,-0.829486078120973,0.6880471537965128,1.5508858378612786,1.3513278835926263,0.1610565829179904
BTN,2015,2954.04081911097,740618.0,0.0,0.0,0,7.990929281246013,13.515240251784174,-0.7751522036565319,0.6008609388335775,1.5508858378612786,1.3513278835926263,0.1610565829179904
BTN,2016,3173.36773217431,747866.0,0.0,0.0,0,8.062548679029446,13.524979096523316,-0.703532805873099,0.4949584089396756,1.5508858378612786,1.3513278835926263,0.1610565829179904
BTN,2017,3211.80903275593,754335.0,2.0,20000.0,1,8.074589618989066,13.533591845401597,-0.6914918659134788,0.4781610006245045,1.5508858378612786,1.3513278835926263,0.1610565829179904
BWA,2013,6284.97678002618,2140682.0,1.0,8000.0,1,8.745917426510948,14.576635027815442,-0.02016405839159674,0.0004065892508197229,1.5511460421923764,1.3492626044986966,0.0372224621535752
BWA,2014,6547.12254115892,2172044.0,0.0,0.0,0,8.786780925412547,14.591179217657663,0.020699440510002276,0.00042846683742712327,1.5511460421923764,1.3492626044986966,0.0372224621535752
BWA,2015,6141.20394726616,2203273.0,0.0,0.0,0,8.722776084536143,14.605454540031442,-0.043305400366401514,0.0018753577008943285,1.5511460421923764,1.3492626044986966,0.0372224621535752
BWA,2016,6490.83463593483,2234776.0,0.0,0.0,0,8.778146404809219,14.619651557293428,0.012064919906674021,0.00014556229235445907,1.5511460421923764,1.3492626044986966,0.0372224621535752
BWA,2017,6662.57644805467,2266747.0,0.0,0.0,0,8.804261542787957,14.633856322026672,0.038180057885412566,0.0014577168201334542,1.5511460421923764,1.3492626044986966,0.0372224621535752
CAF,2013,349.821171688973,4642419.0,0.0,0.0,0,5.857422085878639,15.350746124560827,-2.9086593990239056,8.460299499530107,,,
CAF,2014,351.561554911625,4623182.0,0.0,0.0,0,5.8623848165778485,15.346593770570962,-2.903696668324696,8.43145434163994,,,
CAF,2015,366.322853938121,4629320.0,0.0,0.0,0,5.903515059151974,15.34792054702568,-2.862566425750571,8.1942865418344,,,
CAF,2016,376.858254120398,4713663.0,0.0,0.0,0,5.931869132982871,15.365975870741577,-2.834212351919674,8.032759655774049,,,
CAF,2017,387.35795131742,4793511.0,0.0,0.0,0,5.959349204342171,15.38277368627073,-2.8067322805603734,7.877746094739635,,,
CHE,2013,83914.0245080812,8089346.0,0.0,0.0,0,11.337548035912526,15.906058445223021,2.5714665510099817,6.612440222963171,,,
CHE,2014,85004.8134534,8188649.0,0.0,0.0,0,11.350463162732629,15.918259484957348,2.584381677830084,6.67902865670384,,,
CHE,2015,85265.06205193,8282396.0,0.0,0.0,0,11.353520060500577,15.929642856482122,2.587438575598032,6.694838382492773,,,
CHE,2016,85951.2234148345,8373338.0,0.0,0.0,0,11.36153524473918,15.940563168220848,2.5954537598366354,6.736380219450127,,,
CHE,2017,86362.360972862,8451840.0,0.0,0.0,0,11.36630722298666,15.949894727108234,2.6002257380841147,6.761173888995079,,,
CHI,2013,60780.669022098,161777.0,0.0,0.0,0,11.015027073683946,11.993974122698685,2.2489455887814014,5.057756261299324,,,
CHI,2014,61892.8083445708,162726.0,0.0,0.0,0,11.033159270090596,11.999823083758931,2.267077785188052,5.139641684093163,,,
CHI,2015,61847.8212238857,163454.0,0.0,0.0,0,11.032432150423855,12.004286884168607,2.26635066552131,5.136345339108885,,,
CHI,2016,62434.1859444218,163883.0,0.0,0.0,0,11.041868256015006,12.00690803757087,2.275786771112461,5.179205427570482,,,
CHI,2017,63393.3938698644,164319.0,0.0,0.0,0,11.057114937360158,12.009564939457402,2.2910334524576133,5.24883428027985,,,
CHL,2013,13182.7329619856,17687006.0,102.0,419050.0,1,9.48666314331262,16.688340803649076,0.7205816584100759,0.5192379264370154,1.4182618573932184,1.370859301227197,0.0458645841777895
CHL,2014,13285.9540361192,17864195.0,8.0,37725.0,1,9.49446266864666,16.698308988250883,0.7283811837441156,0.5305391488324792,1.4182618573932184,1.370859301227197,0.0458645841777895
CHL,2015,13433.9202987032,18047625.0,2.0,84925.0,1,9.505538153004625,16.708524655138525,0.7394566681020809,0.546796164000631,1.4182618573932184,1.370859301227197,0.0458645841777895
CHL,2016,13505.097711133,18267221.0,0.0,0.0,0,9.510822501382549,16.72061880950501,0.7447410164800043,0.5546391816276701,1.4182618573932184,1.370859301227197,0.0458645841777895
CHL,2017,13473.3458532934,18558868.0,0.0,0.0,0,9.508468631529055,16.73645829208297,0.7423871466265108,0.5511386754762525,1.4182618573932184,1.370859301227197,0.0458645841777895
CHN,2013,7197.937319496,1363240000.0,0.0,0.0,0,8.881549780556604,21.033130056331842,0.11546829565405936,0.013332927301253263,0.6400001972113206,0.6209204823424473,-0.1861905353489575
CHN,2014,7686.37369520403,1371860000.0,10.0,24200.0,1,8.947204390187988,21.03943332022726,0.18112290528544328,0.03280550681903966,0.6400001972113206,0.6209204823424473,-0.1861905353489575
CHN,2015,8175.33285077393,1379860000.0,62.0,152300.0,1,9.008876710627593,21.045247881693836,0.24279522572504852,0.05894952163487727,0.6400001972113206,0.6209204823424473,-0.1861905353489575
CHN,2016,8679.22528805041,1387790000.0,58.0,172025.0,1,9.068687551142396,21.050978390754533,0.30260606623985176,0.09157043132515755,0.6400001972113206,0.6209204823424473,-0.1861905353489575
CHN,2017,9221.35045639842,1396215000.0,4.0,32000.0,1,9.129276776150117,21.05703084088936,0.3631952912475729,0.13191081958440928,0.6400001972113206,0.6209204823424473,-0.1861905353489575
CIV,2013,1632.32712787006,23939775.0,47.0,69425.0,1,7.397761961436249,16.991051859553693,-1.3683195234662957,1.8722983182990305,-0.3690759556998419,-0.2993876762780958,-0.6520002624140412
CIV,2014,1742.53693001178,24527395.0,0.0,0.0,0,7.463097336104087,17.015301214101335,-1.3029841487984575,1.6977676920200409,-0.3690759556998419,-0.2993876762780958,-0.6520002624140412
CIV,2015,1814.71855088017,25246342.0,0.0,0.0,0,7.503685666289025,17.044191831903657,-1.2623958186135198,1.5936432028528988,-0.3690759556998419,-0.2993876762780958,-0.6520002624140412
CIV,2016,1889.27777949938,25989405.0,0.0,0.0,0,7.543949907775461,17.07319951293507,-1.222131577127084,1.4936055918111337,-0.3690759556998419,-0.2993876762780958,-0.6520002624140412
CIV,2017,1972.81431788947,26733372.0,1.0,50000.0,1,7.587216390032501,17.101423230551628,-1.1788650948700434,1.3897229119029566,-0.3690759556998419,-0.2993876762780958,-0.6520002624140412
CMR,2013,1347.2130636706,21402376.0,694.0,288650.0,1,7.205793340346184,16.879012501866306,-1.5602881445563606,2.4344990940431304,-0.9950886402489684,-0.8594719640250501,-0.8177418467485632
CMR,2014,1381.81938454907,22059893.0,276.0,135100.0,1,7.231156304432972,16.90927172136989,-1.534925180469573,2.355995309639551,-0.9950886402489684,-0.8594719640250501,-0.8177418467485632
CMR,2015,1415.00009710569,22763414.0,96.0,46150.0,1,7.254884878703265,16.94066515597353,-1.5111966061992792,2.283715182588219,-0.9950886402489684,-0.8594719640250501,-0.8177418467485632
CMR,2016,1435.61830727839,23454161.0,785.0,301975.0,1,7.269350911545437,16.97055847848031,-1.496730573357108,2.240202409221897,-0.9950886402489684,-0.8594719640250501,-0.8177418467485632
CMR,2017,1444.90682916573,24128601.0,1777.0,787300.0,1,7.2758001203817315,16.99890845829923,-1.490281364520813,2.2209385454380164,-0.9950886402489684,-0.8594719640250501,-0.8177418467485632
COD,2013,464.526715460494,75789395.0,323.0,1550725.0,1,6.1410190710467045,18.143468933172898,-2.62506241385584,6.8909526766386495,-1.6579514709203065,-1.5241889798795083,-0.9231954628284872
COD,2014,481.830241883776,78403242.0,733.0,3741625.0,1,6.177591856753407,18.17737583650648,-2.588489628149137,6.700278555035658,-1.6579514709203065,-1.5241889798795083,-0.9231954628284872
COD,2015,495.826633014883,81035531.0,831.0,3085050.0,1,6.206226335413076,18.21039827077702,-2.5598551494894686,6.55285838636775,-1.6579514709203065,-1.5241889798795083,-0.9231954628284872
COD,2016,480.461377880475,83956415.0,809.0,2407150.0,1,6.174746846158917,18.24580835310084,-2.5913346387436276,6.715015209952567,-1.6579514709203065,-1.5241889798795083,-0.9231954628284872
COD,2017,482.854682128541,87083398.0,1261.0,3718225.0,1,6.1797157432252705,18.282376815158642,-2.586365741677274,6.689287749721836,-1.6579514709203065,-1.5241889798795083,-0.9231954628284872
COG,2013,2390.65754938662,4857099.0,146.0,636850.0,1,7.779323732351909,15.395951904072593,-0.9867577525506359,0.973690862218782,-0.4628875480152302,-0.4989686336602212,
COG,2014,2488.68118548992,4975880.0,97.0,587225.0,1,7.8195082047660645,15.420112797354737,-0.9465732801364801,0.8960009746683353,-0.4628875480152302,-0.4989686336602212,
COG,2015,2439.35189403696,5097581.0,31.0,199025.0,1,7.799487665806785,15.444276671446726,-0.9665938190957597,0.9343036111141262,-0.4628875480152302,-0.4989686336602212,
COG,2016,2174.19310251224,5222536.0,0.0,0.0,0,7.684412887339258,15.468493665639459,-1.0816685975632865,1.1700069549545271,-0.4628875480152302,-0.4989686336602212,
COG,2017,2003.27121075187,5351011.0,0.0,0.0,0,7.602536728772284,15.492796072981854,-1.1635447561302605,1.3538363995182274,-0.4628875480152302,-0.4989686336602212,
COL,2013,5910.80592301166,46151584.0,3045.0,2964550.0,1,8.684537467094968,17.647441841184357,-0.08154401780757681,0.006649426840202403,0.0065052867690686,0.0764673999986448,0.7099620092343235
COL,2014,6121.83982019825,46565429.0,5197.0,4606700.0,1,8.719617954543367,17.65636895682362,-0.04646353035917805,0.0021588596534382605,0.0065052867690686,0.0764673999986448,0.7099620092343235
COL,2015,6248.51490534512,46969940.0,6644.0,4299450.0,1,8.740099099350715,17.66501838059125,-0.025982385551829523,0.0006750843589639195,0.0065052867690686,0.0764673999986448,0.7099620092343235
COL,2016,6316.07067782542,47437512.0,7170.0,3897075.0,1,8.750852565595604,17.67492386608452,-0.01522891930694037,0.00023191998325730115,0.0065052867690686,0.0764673999986448,0.7099620092343235
COL,2017,6309.67745292518,48131078.0,5764.0,3270875.0,1,8.749839837418161,17.689438638701436,-0.016241647484383392,0.0002637911130069774,0.0065052867690686,0.0764673999986448,0.7099620092343235
COM,2013,1343.54683280656,696192.0,0.0,0.0,0,7.203068286254512,13.453380763342578,-1.563013198648033,2.443010259147955,,,
COM,2014,1342.3295858321,711503.0,0.0,0.0,0,7.202161880398047,13.475134912947286,-1.5639196045044974,2.4458445293535034,,,
COM,2015,1329.37048235986,726682.0,0.0,0.0,0,7.192460787629863,13.496244246791973,-1.5736206972726814,2.47628209888496,,,
COM,2016,1345.6261652831,741741.0,0.0,0.0,0,7.2046147340973326,13.516755404611308,-1.561466750805212,2.4381784138701863,,,
COM,2017,1369.41180275963,756669.0,0.0,0.0,0,7.222136585577547,13.536681184485161,-1.5439448993249973,2.3837658521516762,,,
CPV,2013,3361.09387702205,512225.0,0.0,0.0,0,8.120021758612051,13.146519260615399,-0.6460597262904937,0.4173931699345476,,,
CPV,2014,3383.8422809791,512326.0,0.0,0.0,0,8.12676711236428,13.146716420152265,-0.639314372538264,0.4087228669339941,,,
CPV,2015,3415.06266730931,512394.0,0.0,0.0,0,8.13595112243954,13.146849139334284,-0.6301303624630048,0.3970642736977578,,,
CPV,2016,3560.1400729534,512554.0,0.0,0.0,0,8.177555169407254,13.147161350297766,-0.5885263154952902,0.3463632240304619,,,
CPV,2017,3719.71306047915,512893.0,0.0,0.0,0,8.221401810012392,13.147822525399649,-0.544679674890153,0.2966759482384428,,,
CRI,2013,11151.1437937744,4716147.0,711.0,929000.0,1,9.319297354028341,15.36650271063707,0.5532158691257969,0.3060477978526108,1.2493212160830198,1.1356229087896326,0.8152055751475791
CRI,2014,11422.6735972442,4767119.0,452.0,566350.0,1,9.343355571154657,15.377252697164666,0.5772740862521122,0.3332453706582111,1.2493212160830198,1.1356229087896326,0.8152055751475791
CRI,2015,11714.7106121672,4818038.0,565.0,795525.0,1,9.368600648303643,15.38787734921593,0.602519163401098,0.36302934226555905,1.2493212160830198,1.1356229087896326,0.8152055751475791
CRI,2016,12084.4351419988,4866998.0,302.0,404575.0,1,9.399673551623106,15.397987877884749,0.6335920667205617,0.4014389070112327,1.2493212160830198,1.1356229087896326,0.8152055751475791
CRI,2017,12468.5654849336,4913177.0,420.0,609025.0,1,9.430965994761966,15.407431337369328,0.6648845098594212,0.4420714114510027,1.2493212160830198,1.1356229087896326,0.8152055751475791
CUB,2013,7307.82004410741,11298167.0,0.0,0.0,0,8.896700292688333,16.240151058135336,0.1306188077857886,0.01706127294738079,,,
CUB,2014,7392.48324633027,11285775.0,0.0,0.0,0,8.90821898541771,16.239053641108345,0.14213750051516527,0.020203069052698606,,,
CUB,2015,7727.91997207998,11275065.0,0.0,0.0,0,8.952595020259022,16.238104208303138,0.18651353535647708,0.03478729887117182,,,
CUB,2016,7774.0698462623,11265612.0,0.0,0.0,0,8.95854909596948,16.237265457936044,0.19246761106693455,0.037043781309812784,,,
CUB,2017,7927.27769431767,11247829.0,0.0,0.0,0,8.978064963675275,16.235685690214318,0.21198347877272994,0.044936995272588445,,,
CYM,2013,76038.879554035,58655.0,0.0,0.0,0,11.23900006153898,10.97942810193982,2.4729185766364346,6.11532628667357,,,
CYM,2014,76104.6215727416,60160.0,0.0,0.0,0,11.239864272265185,11.004762958623722,2.473782787362641,6.119601279051676,,,
CYM,2015,76379.2095108681,61642.0,0.0,0.0,0,11.243465811300291,11.029098735371013,2.477384326397747,6.137433100681218,,,
CYM,2016,77031.8643873625,63100.0,0.0,0.0,0,11.25197443844711,11.052476048529304,2.4858929535445657,6.179663776482524,,,
CYM,2017,77717.1752058822,64535.0,0.0,0.0,0,11.260831557049615,11.074962991269288,2.4947500721470703,6.2237779224778125,,,
CYP,2013,22711.708984375,1183895.0,0.0,0.0,0,10.03063588477268,13.984320408061135,1.2645543998701356,1.599097830230919,,,
CYP,2014,22373.56640625,1201801.0,0.0,0.0,0,10.015635469861357,13.999331822966823,1.249553984958812,1.561385161326447,,,
CYP,2015,23088.4296875,1219502.0,0.0,0.0,0,10.047086891698926,14.013953136653168,1.2810054067963819,1.6409748522415637,,,
CYP,2016,24477.974609375,1237112.0,0.0,0.0,0,10.105528996658267,14.028290188908962,1.339447511755722,1.7941196367485952,,,
CYP,2017,25665.990234375,1254275.0,0.0,0.0,0,10.152922057315555,14.042068274378272,1.3868405724130106,1.923326773290847,,,
CZE,2013,16759.7808635642,10514272.0,0.0,0.0,0,9.72673729898426,16.168244130295115,0.960655814081715,0.9228595931290025,,,
CZE,2014,17118.0425571578,10525347.0,0.0,0.0,0,9.74788830654419,16.16929690611039,0.981806821641646,0.963944635022071,,,
CZE,2015,17931.5987670768,10546059.0,0.0,0.0,0,9.794319729778335,16.171262793595115,1.0282382448757907,1.0572738882252466,,,
CZE,2016,18359.0978103904,10566332.0,0.0,0.0,0,9.817880524099502,16.173183277753544,1.0517990391969576,1.1062812188556432,,,
CZE,2017,19257.6930680911,10594438.0,0.0,0.0,0,9.86566589978201,16.175839704389034,1.099584414879466,1.2090858854458175,,,
DEU,2013,40884.8926759028,80645605.0,0.0,0.0,0,10.618515901568854,18.205574866320283,1.8524344166663091,3.4315132680498492,,,
DEU,2014,41602.4661281668,80982500.0,0.0,0.0,0,10.635914726419337,18.209743639911967,1.8698332415167922,3.4962763510811947,,,
DEU,2015,41929.7549110722,81686611.0,0.0,0.0,0,10.643750994955075,18.21840066635147,1.877669510052531,3.5256427889809117,,,
DEU,2016,42516.9337063103,82348669.0,0.0,0.0,0,10.657657715704788,18.22647285173721,1.8915762308022437,3.5780606369360233,,,
DEU,2017,43543.4807050551,82657002.0,0.0,0.0,0,10.681515274290929,18.230210097336165,1.9154337893883842,3.668886601530745,,,
DJI,2013,2140.13769442336,984824.0,0.0,0.0,0,7.668625449134449,13.80021822398597,-1.0974560357680954,1.204409750443823,,,
DJI,2014,2253.14082249768,1002717.0,0.0,0.0,0,7.72008044291642,13.818223873591892,-1.0460010419861243,1.0941181798360577,,,
DJI,2015,2376.12554719873,1020313.0,0.0,0.0,0,7.773226518816672,13.83562000093281,-0.992854966085873,0.98576098368138,,,
DJI,2016,2502.85181449431,1037653.0,0.0,0.0,0,7.825186086520712,13.852471990093894,-0.9408953983818327,0.8852841506961077,,,
DJI,2017,2596.45134698268,1054841.0,0.0,0.0,0,7.86190092518572,13.8689006026338,-0.9041805597168242,0.8175424845698295,,,
DMA,2013,8459.6586988024,69715.0,0.0,0.0,0,9.043064108855313,11.152170781629122,0.27698262395276885,0.07671937397176096,,,
DMA,2014,8576.26367623609,70373.0,0.0,0.0,0,9.056753628667709,11.16156494585521,0.29067214376516404,0.08449029516103619,,,
DMA,2015,8282.59874702141,70410.0,0.0,0.0,0,9.021912056472,11.16209057751318,0.2558305715694562,0.06544928134955466,,,
DMA,2016,8499.52291903149,69606.0,0.0,0.0,0,9.047765313730453,11.150606049503462,0.28168382882790866,0.07934577942315055,,,
DMA,2017,7985.6341102129,68496.0,0.0,0.0,0,8.985399470171473,11.134530628384727,0.21931798526892798,0.048100378662421714,,,
DNK,2013,51970.3909324806,5614932.0,0.0,0.0,0,10.858429430246288,15.540940035662826,2.092347945343743,4.377919924384183,,,
DNK,2014,52368.3625969272,5643475.0,0.0,0.0,0,10.866057920734086,15.546010568492928,2.0999764358315414,4.409901031047744,,,
DNK,2015,53094.0133607574,5683483.0,0.0,0.0,0,10.879819458138824,15.553074806989798,2.1137379732362795,4.467888219501015,,,
DNK,2016,54300.2039621991,5728010.0,0.0,0.0,0,10.9022832621249,15.560878733431151,2.1362017772223556,4.56335803300795,,,
DNK,2017,55601.0145717787,5764980.0,0.0,0.0,0,10.925956727766048,15.567312242468525,2.159875242863503,4.665061064734676,,,
DOM,2013,6075.03399972737,10193833.0,321.0,1089725.0,1,8.711942864856029,16.137293487562335,-0.054138620046515484,0.002930990180540968,0.3630078600248732,0.2978053621838367,0.0715806607896997
DOM,2014,6430.27811051339,10315528.0,146.0,728225.0,1,8.76877306832018,16.149160890768336,0.0026915834176346465,7.244621294085804e-06,0.3630078600248732,0.2978053621838367,0.0715806607896997
DOM,2015,6800.95309395474,10434829.0,147.0,691275.0,1,8.824818042218277,16.160659711200566,0.058736557315732796,0.0034499831653043637,0.3630078600248732,0.2978053621838367,0.0715806607896997
DOM,2016,7177.75376475488,10551430.0,126.0,426450.0,1,8.87874176696129,16.17177195372465,0.11266028205874612,0.012692339153556232,0.3630078600248732,0.2978053621838367,0.0715806607896997
DOM,2017,7379.39978067137,10666843.0,188.0,584600.0,1,8.906447583754677,16.18265070320925,0.14036609885213203,0.0197026417069665,0.3630078600248732,0.2978053621838367,0.0715806607896997
DZA,2013,4543.23444006767,38414171.0,0.0,0.0,0,8.421394469109343,17.463936985939082,-0.3446870157932018,0.11880913885642297,,,
DZA,2014,4634.10149179952,39205031.0,0.0,0.0,0,8.441197606306115,17.484315638362318,-0.3248838785964292,0.10554953457185935,,,
DZA,2015,4685.05902729002,40019529.0,0.0,0.0,0,8.452133793801268,17.504878117935164,-0.3139476911012764,0.09856315274782247,,,
DZA,2016,4768.73140081027,40850721.0,0.0,0.0,0,8.46983559480189,17.525435029053327,-0.2962458901006553,0.08776162740152953,,,
DZA,2017,4742.90075532529,41689299.0,0.0,0.0,0,8.4644042012069,17.54575503513178,-0.3016772836956445,0.09100918349798237,,,
ECU,2013,5893.32172683036,15807128.0,2719.0,3457425.0,1,8.681575078092347,16.57597153550499,-0.08450640681019728,0.007141332791970556,0.1406470078474653,0.1065608031322214,-0.027994411172281
ECU,2014,6055.04172761485,16035124.0,2905.0,3964675.0,1,8.708646547394471,16.590292124163373,-0.0574349375080736,0.00329877204655632,0.1406470078474653,0.1065608031322214,-0.027994411172281
ECU,2015,5976.1596805651,16266225.0,2929.0,3395375.0,1,8.695533446764424,16.60460143014731,-0.07054803813812072,0.004977025685137735,0.1406470078474653,0.1065608031322214,-0.027994411172281
ECU,2016,5849.13587933672,16505139.0,5038.0,4822475.0,1,8.674049216381379,16.619182344924365,-0.09203226852116586,0.008469938449151976,0.1406470078474653,0.1065608031322214,-0.027994411172281
ECU,2017,6104.27253521751,16759519.0,5118.0,5596450.0,1,8.716744220594295,16.63447695332237,-0.04933726430824947,0.002434165649422067,0.1406470078474653,0.1065608031322214,-0.027994411172281
EGY,2013,3216.37839024454,95333553.0,0.0,0.0,0,8.076011282035749,18.372892384309168,-0.6900702028667958,0.47619688488462064,-0.1603443929102546,-0.0748429100740405,-0.433418799469898
EGY,2014,3235.66246235519,97528654.0,55.0,41225.0,1,8.08198896567844,18.395656779971183,-0.6840925192241052,0.46798257485838274,-0.1603443929102546,-0.0748429100740405,-0.433418799469898
EGY,2015,3306.98159414141,99597342.0,423.0,341125.0,1,8.103791147239486,18.41664603545174,-0.6622903376630589,0.43862849136184856,-0.1603443929102546,-0.0748429100740405,-0.433418799469898
EGY,2016,3381.22246307712,101644589.0,639.0,506800.0,1,8.125992598554863,18.43699286494445,-0.6400888863476819,0.40971378242581563,-0.1603443929102546,-0.0748429100740405,-0.433418799469898
EGY,2017,3452.90961245976,103696057.0,1343.0,525875.0,1,8.146972520522551,18.456974649333173,-0.6191089643799934,0.38329590977566796,-0.1603443929102546,-0.0748429100740405,-0.433418799469898
ESP,2013,24498.5559507945,46604197.0,0.0,0.0,0,10.106369454011844,17.657201159418005,1.3402879691092995,1.7963718401391304,,,
ESP,2014,24947.8512505913,46460733.0,0.0,0.0,0,10.124542975250144,17.654118062194566,1.358461490347599,1.8454176207574202,,,
ESP,2015,25982.4416197775,46422303.0,0.0,0.0,0,10.165176266554539,17.653290569816026,1.3990947816519945,1.9574662080458423,,,
ESP,2016,26719.2442268615,46458139.0,0.0,0.0,0,10.193139342327708,17.65406222854216,1.4270578574251633,2.036494128438898,,,
ESP,2017,27426.281015093,46571232.0,0.0,0.0,0,10.219256993809829,17.656493569407864,1.4531755089072842,2.1117190596879443,,,
EST,2013,16809.5326683781,1317997.0,0.0,0.0,0,9.729701425205867,14.091623717865975,0.9636199403033228,0.9285633893501793,,,
EST,2014,17413.6867560212,1314545.0,0.0,0.0,0,9.765011771172404,14.089001156114996,0.998930286269859,0.9978617168271825,,,
EST,2015,17722.1557669523,1315407.0,0.0,0.0,0,9.782570874036644,14.089656681410414,1.0164893891340991,1.033250678222214,,,
EST,2016,18264.9873304279,1315790.0,0.0,0.0,0,9.81274124557614,14.089947803665954,1.0466597606735952,1.0954966546133076,,,
EST,2017,19270.8141210511,1317384.0,0.0,0.0,0,9.866347008624501,14.091158509980621,1.1002655237219567,1.2105842226911518,,,
FIN,2013,42883.6384986417,5438972.0,0.0,0.0,0,10.666245645191548,15.5091006303867,1.9001641602890036,3.610623836046814,,,
FIN,2014,42502.4880199858,5461512.0,0.0,0.0,0,10.657317894845738,15.513236232461892,1.8912364099431933,3.576775158294818,,,
FIN,2015,42560.3456767103,5479531.0,0.0,0.0,0,10.658678246085698,15.516530071320078,1.8925967611831531,3.581922500440961,,,
FIN,2016,43529.6761616969,5495303.0,0.0,0.0,0,10.68119819509062,15.519404285336954,1.9151167101880748,3.6676720136415946,,,
FIN,2017,44862.220404205,5508214.0,0.0,0.0,0,10.711351303153466,15.52175099065401,1.945269818250921,3.784074665797971,,,
FJI,2013,4630.3512738488,916352.0,0.0,0.0,0,8.440388013284181,13.728155849315803,-0.32569347161836326,0.1060762374548216,,,
FJI,2014,4883.24299340799,917585.0,0.0,0.0,0,8.493564825962569,13.72950049767153,-0.2725166589399759,0.07426532939980715,,,
FJI,2015,5097.53106864695,918578.0,0.0,0.0,0,8.536511597309282,13.730582101098685,-0.22956988759326258,0.052702333289583216,,,
FJI,2016,5218.85824573477,919166.0,0.0,0.0,0,8.56003393008174,13.731222016146772,-0.20604755482080428,0.042455594847632346,,,
FJI,2017,5500.67840280072,918759.0,0.0,0.0,0,8.612626709577842,13.730779125379572,-0.1534547753247022,0.02354836806995483,,,
FRA,2013,36256.086680981,65997932.0,0.0,0.0,0,10.498362554628631,18.00513396616647,1.7322810697260866,3.000797704531355,,,
FRA,2014,36444.3949089146,66312067.0,0.0,0.0,0,10.503542950822526,18.009882444628186,1.7374614659199814,3.0187723455568105,,,
FRA,2015,36702.4323733379,66548272.0,0.0,0.0,0,10.510598309049092,18.013438137028768,1.7445168241465474,3.043338949730356,,,
FRA,2016,36920.5342846914,66724104.0,0.0,0.0,0,10.516523159928422,18.01607682491442,1.7504416750258773,3.064046057667399,,,
FRA,2017,37580.5979329356,66918020.0,0.0,0.0,0,10.534243183775834,18.018978846077932,1.7681616988732891,3.1263957933624758,,,
FRO,2013,50121.7919684574,48245.0,0.0,0.0,0,10.822211161931463,10.784047474454484,2.0561296770289186,4.227669248759045,,,
FRO,2014,52645.8769957728,48427.0,0.0,0.0,0,10.871343204823827,10.787812788403233,2.105261719921282,4.432126909365915,,,
FRO,2015,52638.2668218454,48898.0,0.0,0.0,0,10.871198640340236,10.797491774831043,2.105117155437691,4.431518238118076,,,
FRO,2016,52758.462646154,49463.0,0.0,0.0,0,10.873479467781884,10.80898019431077,2.1073979828793394,4.441126258243909,,,
FRO,2017,53832.1022752798,50179.0,0.0,0.0,0,10.893625264763804,10.823351891463572,2.1275437798612593,4.526442535226335,,,
FSM,2013,2837.15746729135,108121.0,0.0,0.0,0,7.950557938129758,11.591006249330224,-0.8155235467727868,0.6650786553408659,,,
FSM,2014,2757.39654878889,108396.0,0.0,0.0,0,7.922042234118877,11.593546466937843,-0.8440392507836671,0.7124022568634542,,,
FSM,2015,2869.86276169101,108716.0,0.0,0.0,0,7.96201948938421,11.596494256389546,-0.8040619955183343,0.6465156926369259,,,
FSM,2016,2896.47282245468,109075.0,0.0,0.0,0,7.971249007601128,11.59979099799181,-0.7948324773014166,0.6317586669731069,,,
FSM,2017,2945.60147384462,109481.0,0.0,0.0,0,7.9880683108333255,11.603506297201317,-0.7780131740692191,0.6053044990252611,,,
GAB,2013,6938.25753862236,1913059.0,0.0,0.0,0,8.844805946849753,14.464214089556833,0.07872446194720872,0.0061975409088775146,,,
GAB,2014,6998.60545439576,1978399.0,0.0,0.0,0,8.853466187389746,14.49779848973026,0.08738470248720098,0.00763608622877663,,,
GAB,2015,7047.12654634355,2040989.0,0.0,0.0,0,8.860375230643234,14.528945052262515,0.09429374574068916,0.008891310485809736,,,
GAB,2016,6991.3251446736,2100306.0,0.0,0.0,0,8.852425394466891,14.55759360636407,0.08634390956434679,0.007455270718856097,,,
GAB,2017,6840.05959347802,2156900.0,0.0,0.0,0,8.830551723075429,14.584182563610465,0.06447023817288411,0.004156411610068403,,,
GBR,2013,43585.8731772281,64138000.0,0.0,0.0,0,10.68248836713804,17.976547569953286,1.9164068822354956,3.6726153382795728,,,
GBR,2014,44628.5724578217,64619000.0,0.0,0.0,0,10.706129570954941,17.984019043155772,1.9400480860523963,3.763786576195566,,,
GBR,2015,45256.040227057,65087000.0,0.0,0.0,0,10.720091425900469,17.991235394457203,1.9540099409979241,3.8181548495187108,,,
GBR,2016,45888.7099614563,65606000.0,0.0,0.0,0,10.733974395454329,17.999177713146427,1.9678929105517842,3.8726025073999724,,,
GBR,2017,47019.4510419999,65964000.0,0.0,0.0,0,10.758316647036539,18.004619696630797,1.9922351621339942,3.969000941243062,,,
GEO,2013,3806.50600649051,3717668.0,1950.0,3533050.0,1,8.244466988701284,15.128607147956398,-0.521614496201261,0.2720816826472953,0.839057029186175,0.8546271080499653,0.8404044462859354
GEO,2014,3960.35080091901,3719414.0,662.0,961600.0,1,8.28408788641567,15.129076686958946,-0.4819935984868753,0.23231782898232714,0.839057029186175,0.8546271080499653,0.8404044462859354
GEO,2015,4086.6223465965,3725276.0,1041.0,1571925.0,1,8.315474075721646,15.130651501010707,-0.4506074091808987,0.20304703720872186,0.839057029186175,0.8546271080499653,0.8404044462859354
GEO,2016,4225.09154904806,3727505.0,563.0,873225.0,1,8.34879620797026,15.131249667001754,-0.4172852769322848,0.1741270023444536,0.839057029186175,0.8546271080499653,0.8404044462859354
GEO,2017,4442.50744127374,3728004.0,381.0,506950.0,1,8.398974235046817,15.131383527748417,-0.36710724985572796,0.13476773289663588,0.839057029186175,0.8546271080499653,0.8404044462859354
GHA,2013,1718.59704769958,27386193.0,3140.0,1711400.0,1,7.449263567025663,17.125549539245963,-1.3168179178768815,1.7340094288416055,0.596242808609567,0.5156240956019457,-0.2351639140308699
GHA,2014,1726.36930134647,28041592.0,905.0,1132050.0,1,7.453775812456562,17.149199394553204,-1.3123056724459827,1.722146177933903,0.596242808609567,0.5156240956019457,-0.2351639140308699
GHA,2015,1722.77282833606,28696068.0,1291.0,1481350.0,1,7.4516903812515745,17.172270667859696,-1.3143911036509701,1.7276239733568153,0.596242808609567,0.5156240956019457,-0.2351639140308699
GHA,2016,1740.81101902928,29356742.0,1410.0,1475550.0,1,7.462106386506756,17.19503278825081,-1.3039750983957887,1.700351057236307,0.596242808609567,0.5156240956019457,-0.2351639140308699
GHA,2017,1841.44636153249,30008354.0,1753.0,1876025.0,1,7.518306607865188,17.21698636752845,-1.2477748770373562,1.5569421437655895,0.596242808609567,0.5156240956019457,-0.2351639140308699
GIN,2013,729.833143236326,11191873.0,0.0,0.0,0,6.592815937106983,16.23069844787208,-2.1732655477955616,4.723083141235143,,,
GIN,2014,738.272274481308,11472924.0,0.0,0.0,0,6.604312692171993,16.255500382511105,-2.161768792730552,4.673244313223707,,,
GIN,2015,747.356966759448,11767070.0,0.0,0.0,0,6.616542938138529,16.280815510268347,-2.149538546764016,4.620515964024358,,,
GIN,2016,807.236421043888,12073030.0,0.0,0.0,0,6.693616588244367,16.306484597195062,-2.072464896658178,4.2951107478803925,,,
GIN,2017,867.907502577607,12385659.0,0.0,0.0,0,6.766085145131337,16.332049829017674,-1.999996339771208,3.999985359098229,,,
GMB,2013,638.522368532214,2103820.0,0.0,0.0,0,6.459156707798993,14.559265297849215,-2.3069247771035517,5.321901927214272,,,
GMB,2014,611.879472952196,2164528.0,0.0,0.0,0,6.416535323496578,14.587712881793438,-2.349546161405967,5.5203671645775145,,,
GMB,2015,619.536364296461,2224529.0,0.0,0.0,0,6.428971398775769,14.615055765780705,-2.337110086126776,5.462083554675506,,,
GMB,2016,615.193365494386,2283769.0,0.0,0.0,0,6.421936633826368,14.641337706289445,-2.3441448510761766,5.49501508282695,,,
GMB,2017,628.777299272925,2342189.0,0.0,0.0,0,6.44377713879812,14.666596520139901,-2.322304346104424,5.393097475935497,,,
GNB,2013,634.095456089352,1695973.0,0.0,0.0,0,6.452199504759086,14.343767175395943,-2.3138819801434583,5.354049818032611,,,
GNB,2014,623.610159103365,1741122.0,0.0,0.0,0,6.435525428108276,14.37004029096494,-2.3305560567942685,5.4314915338604495,,,
GNB,2015,645.066837207039,1786457.0,0.0,0.0,0,6.469353935004025,14.395744886746469,-2.2967275498985193,5.274957438462856,,,
GNB,2016,663.242608032005,1831893.0,0.0,0.0,0,6.497140847885263,14.420860416396971,-2.2689406370172813,5.148091614308386,,,
GNB,2017,677.466131311367,1877072.0,0.0,0.0,0,6.518359560819951,14.4452236739166,-2.247721924082594,5.052253848001558,,,
GNQ,2013,10731.6455729191,1346218.0,0.0,0.0,0,9.280952185741047,14.112809737439497,0.5148707008385021,0.2650918385819303,,,
GNQ,2014,10363.4872473549,1399828.0,0.0,0.0,0,9.246044066061625,14.151859929895073,0.4799625811590804,0.23036407931288685,,,
GNQ,2015,9068.91003238645,1453923.0,0.0,0.0,0,9.112607363052838,14.189775978314302,0.34652587815029356,0.1200801842278321,,,
GNQ,2016,7971.83401904573,1508186.0,0.0,0.0,0,8.983669860624934,14.226418162119083,0.21758837572238932,0.04734470124950766,,,
GNQ,2017,7259.10936454803,1562396.0,0.0,0.0,0,8.890012423233896,14.261731098377478,0.12393093833135183,0.01535887747568933,,,
GRC,2013,17644.8766635021,10965211.0,0.0,0.0,0,9.77820074620124,16.210238182695036,1.012119261298695,1.024385399091816,,,
GRC,2014,17903.5252440012,10892413.0,0.0,0.0,0,9.792752913444167,16.203577049794717,1.026671428541622,1.054054222183695,,,
GRC,2015,17980.7298238137,10820883.0,0.0,0.0,0,9.797055898070218,16.196988436185933,1.030974413167673,1.0629082406064279,,,
GRC,2016,18049.928997892,10775971.0,0.0,0.0,0,9.800897030118499,16.192829305903164,1.0348155452159542,1.0708432126205925,,,
GRC,2017,18352.0884461258,10754679.0,0.0,0.0,0,9.81749865878462,16.190851473655563,1.0514171738820757,1.105478073534171,,,
GRD,2013,7688.75297701343,113487.0,0.0,0.0,0,8.947513887713324,11.639443571898747,0.18143240281077944,0.03291771678969293,,,
GRD,2014,8206.62862112333,114132.0,0.0,0.0,0,9.012697475128231,11.645110952270386,0.2466159902256866,0.060819446634995944,,,
GRD,2015,8694.12438005692,114676.0,0.0,0.0,0,9.070402717871168,11.649866039723841,0.3043212329686238,0.09261141283554339,,,
GRD,2016,8983.68397337899,115130.0,0.0,0.0,0,9.10316531919438,11.65381720366771,0.3370838342918354,0.11362551134088555,,,
GRD,2017,9357.40728883583,115438.0,0.0,0.0,0,9.143923532044312,11.656488868280348,0.37784204714176717,0.1427646125882814,,,
GRL,2013,43338.3839246907,56483.0,0.0,0.0,0,10.676793986086187,10.94169498690382,1.9107125011836423,3.6508222621794504,,,
GRL,2014,45545.1429414917,56295.0,0.0,0.0,0,10.726459265641253,10.938361000237231,1.9603777807387086,3.843081043214024,,,
GRL,2015,44536.3549705377,56114.0,0.0,0.0,0,10.704061100249618,10.935140614744478,1.9379796153470732,3.75576498950079,,,
GRL,2016,46561.7831434013,56186.0,0.0,0.0,0,10.748535379425444,10.936422894528368,1.9824538945228998,3.9301234439090127,,,
GRL,2017,46597.9452470348,56172.0,0.0,0.0,0,10.749311725730324,10.93617369108807,1.9832302408277798,3.9332021881338135,,,
GTM,2013,3717.30457960279,15387337.0,1241.0,1834250.0,1,8.220754109259989,16.54905545640493,-0.5453273756425556,0.29738194662519696,-0.4259525498931141,-0.4195992653939249,0.2407010825371247
GTM,2014,3809.61584332802,15681725.0,1525.0,2230625.0,1,8.24528363451438,16.56800657959068,-0.5207978503881652,0.2712304009689337,-0.4259525498931141,-0.4195992653939249,0.2407010825371247
GTM,2015,3893.50533299068,15971743.0,2440.0,3356600.0,1,8.267065144732472,16.58633165637714,-0.4990163401700727,0.2490173077567337,-0.4259525498931141,-0.4195992653939249,0.2407010825371247
GTM,2016,3924.7789643024,16268760.0,2262.0,3830250.0,1,8.275065313803355,16.6047572624002,-0.49101617109919005,0.2410968802809091,-0.4259525498931141,-0.4195992653939249,0.2407010825371247
GTM,2017,3972.74059262672,16567357.0,2056.0,3785975.0,1,8.287211461114792,16.622944871550697,-0.4788700237877528,0.2293164996824829,-0.4259525498931141,-0.4195992653939249,0.2407010825371247
GUM,2013,34044.3190415455,165966.0,2.0,8000.0,1,10.435418456000052,12.019538227083238,1.6693369710975077,2.786685923073001,1.747132836758993,1.5708666879415514,
GUM,2014,34755.2691107298,165486.0,1.0,4300.0,1,10.45608646858416,12.016641878076122,1.6900049836816162,2.8561168448687,1.747132836758993,1.5708666879415514,
GUM,2015,35165.7014644795,164905.0,0.0,0.0,0,10.467826496345793,12.013124829494918,1.7017450114432489,2.895936083971983,1.747132836758993,1.5708666879415514,
GUM,2016,35373.8483143417,164233.0,0.0,0.0,0,10.473728077930526,12.00904143022925,1.707646593027981,2.916056886680071,1.747132836758993,1.5708666879415514,
GUM,2017,35850.9025520506,163490.0,0.0,0.0,0,10.487124021500279,12.004507105369457,1.721042536597734,2.9619874127787624,1.747132836758993,1.5708666879415514,
GUY,2013,5573.3421790463,750021.0,0.0,0.0,0,8.625750185118779,13.5278564851205,-0.14033129978376557,0.019692873699001082,,,
GUY,2014,5635.71704117947,754229.0,0.0,0.0,0,8.63687966614777,13.533451314406328,-0.12920181875477432,0.016693109969541552,,,
GUY,2015,5640.41560569466,758781.0,0.0,0.0,0,8.637713030730161,13.539468477193392,-0.1283684541723833,0.01647846002660727,,,
GUY,2016,5818.61682204646,763548.0,0.0,0.0,0,8.668817853037813,13.545731270034043,-0.09726363186473108,0.009460214083517932,,,
GUY,2017,5997.18271426826,768479.0,0.0,0.0,0,8.69904509031623,13.552168515627764,-0.06703639458631372,0.004493878199131951,,,
HKG,2013,40959.9776349249,7178900.0,0.0,0.0,0,10.620350713690899,15.786656725944958,1.854269228788354,3.438314372831357,,,
HKG,2014,41796.8593150091,7229500.0,0.0,0.0,0,10.64057647968543,15.793680435450318,1.8744949947828857,3.513731485466091,,,
HKG,2015,42432.1619740441,7291300.0,0.0,0.0,0,10.655661890799847,15.802192414561189,1.889580405897302,3.5705141103510125,,,
HKG,2016,43087.5537128127,7336600.0,0.0,0.0,0,10.67098945742284,15.808386078014513,1.904907972520295,3.6286743837713815,,,
HKG,2017,44380.8176753147,7393200.0,0.0,0.0,0,10.700562620726833,15.816071216790663,1.9344811358242886,3.7422172648600296,,,
HND,2013,2205.40126728067,8889278.0,2486.0,1937850.0,1,7.698664751950635,16.00035638934384,-1.0674167329519095,1.1393784817857282,-0.3504201792727882,-0.3437447193084035,-0.0892480724836982
HND,2014,2229.24772232218,9063122.0,2461.0,2168375.0,1,7.709419463290649,16.01972421027259,-1.0566620216118956,1.1165346279169381,-0.3504201792727882,-0.3437447193084035,-0.0892480724836982
HND,2015,2271.20265980349,9237305.0,1448.0,1523275.0,1,7.728064776258591,16.038760734408207,-1.038016708643954,1.0774786874240274,-0.3504201792727882,-0.3437447193084035,-0.0892480724836982
HND,2016,2315.72983058198,9412380.0,1700.0,1465675.0,1,7.747480178426329,16.057536402005034,-1.0186013064762154,1.037548621555053,-0.3504201792727882,-0.3437447193084035,-0.0892480724836982
HND,2017,2383.37398439714,9588137.0,1592.0,1389325.0,1,7.776272403264893,16.076037163128532,-0.9898090816376515,0.979722018092371,-0.3504201792727882,-0.3437447193084035,-0.0892480724836982
HRV,2013,11838.4554388595,4233922.0,0.0,0.0,0,9.379108447129262,15.258639308211553,0.6130269622267175,0.37580205641691733,,,
HRV,2014,11862.7815706266,4201598.0,0.0,0.0,0,9.381161178832615,15.250975487081362,0.6150796939300704,0.37832302988510913,,,
HRV,2015,12283.8750299177,4151725.0,0.0,0.0,0,9.416042708105977,15.239034468493696,0.649961223203432,0.42244959166810153,,,
HRV,2016,12848.473748279,4106867.0,0.0,0.0,0,9.460980308816126,15.228171008679245,0.6948988239135812,0.4828843754764783,,,
HRV,2017,13485.3711360576,4041407.0,0.0,0.0,0,9.509360757335081,15.212103456633077,0.7432792724325363,0.5524640768278406,,,
HTI,2013,1392.38204736859,10222362.0,144.0,357450.0,1,7.238771262553812,16.14008823149665,-1.5273102223487323,2.332676515290934,-1.0930218868337975,-1.0632213087212947,-0.7230323449136171
HTI,2014,1411.76834802154,10373235.0,555.0,675175.0,1,7.25259834511913,16.154739489126978,-1.513483139783415,2.290631214408664,-1.0930218868337975,-1.0632213087212947,-0.7230323449136171
HTI,2015,1411.12684746796,10523242.0,687.0,554875.0,1,7.252143846797231,16.169096892702647,-1.5139376381053138,2.292007172071896,-1.0930218868337975,-1.0632213087212947,-0.7230323449136171
HTI,2016,1416.74881879698,10671457.0,1476.0,988850.0,1,7.256119961308058,16.183083165033473,-1.5099615235944865,2.2799838027357833,-1.0930218868337975,-1.0632213087212947,-0.7230323449136171
HTI,2017,1432.67228609541,10817754.0,1665.0,1281725.0,1,7.267296710882687,16.196699231276973,-1.4987847740198577,2.246355798833756,-1.0930218868337975,-1.0632213087212947,-0.7230323449136171
HUN,2013,11729.5720798501,9872734.0,0.0,0.0,0,9.369868460150887,16.10528737406514,0.603786975248342,0.364558711479542,,,
HUN,2014,12287.3779441033,9833038.0,0.0,0.0,0,9.416327831067596,16.10125849829261,0.6502463461650514,0.42282031070099985,,,
HUN,2015,12782.9412577973,9797755.0,0.0,0.0,0,9.455866846819694,16.09766383576494,0.6897853619171492,0.4758038455151726,,,
HUN,2016,13145.6559885563,9759755.0,0.0,0.0,0,9.48384663995505,16.093777855615187,0.7177651550525059,0.5151868178075479,,,
HUN,2017,13734.2442804335,9726756.0,0.0,0.0,0,9.527647575569224,16.090390996721485,0.7615660906666797,0.5799829104533294,,,
IDN,2013,3055.24246006469,255852467.0,758.0,826850.0,1,8.024614233453086,19.360111535537463,-0.7414672514494587,0.5497736849720148,0.3090793240523599,0.316874162059042,0.1479529499443898
IDN,2014,3170.72103011429,258877399.0,1350.0,1250950.0,1,8.061714295302249,19.371865144657846,-0.7043671896002959,0.4961331377854192,0.3090793240523599,0.316874162059042,0.1479529499443898
IDN,2015,3288.22269725538,261799249.0,1612.0,1304425.0,1,8.09810248419129,19.383088542833974,-0.667979000711254,0.44619594539120555,0.3090793240523599,0.316874162059042,0.1479529499443898
IDN,2016,3416.81005170972,264627418.0,2467.0,1645275.0,1,8.136462661371946,19.393833424836224,-0.6296188235305991,0.3964198629440556,0.3090793240523599,0.316874162059042,0.1479529499443898
IDN,2017,3553.51999262321,267346658.0,1187.0,917675.0,1,8.175693938429035,19.404056718813333,-0.5903875464735098,0.34855745503101065,0.3090793240523599,0.316874162059042,0.1479529499443898
IND,2013,1399.4537980281,1295829511.0,807.0,894175.0,1,7.243837295211632,20.982416876068694,-1.5222441896909125,2.317227373047743,0.2817792565981101,0.3286911331837746,-0.1927176543519101
IND,2014,1484.31640682961,1312277191.0,2799.0,2644375.0,1,7.302709613150179,20.995029778781227,-1.4633718717523658,2.1414572350360226,0.2817792565981101,0.3286911331837746,-0.1927176543519101
IND,2015,1583.99815907985,1328024498.0,2505.0,1699775.0,1,7.3677074101766316,21.00695833511966,-1.398374074725913,1.9554500528655534,0.2817792565981101,0.3286911331837746,-0.1927176543519101
IND,2016,1694.46534973787,1343944296.0,3449.0,1614175.0,1,7.43512254217345,21.01887463175987,-1.3309589427290947,1.7714517072305496,0.2817792565981101,0.3286911331837746,-0.1927176543519101
IND,2017,1788.69770318481,1359657400.0,5211.0,1701500.0,1,7.489243093928834,21.03049859319457,-1.2768383909737109,1.6303162766643349,0.2817792565981101,0.3286911331837746,-0.1927176543519101
IRL,2013,47928.0346487005,4623816.0,0.0,0.0,0,10.777455886695826,15.34673089615507,2.0113744017932813,4.04562698418928,,,
IRL,2014,52044.6201181887,4657740.0,0.0,0.0,0,10.859856708820013,15.354040909920927,2.0937752239174685,4.3838946882906455,,,
IRL,2015,64250.1385181257,4701957.0,0.0,0.0,0,11.070539158679278,15.363489362995674,2.3044576737767333,5.310525170228473,,,
IRL,2016,64205.979777351,4762722.0,0.0,0.0,0,11.06985162828991,15.376329911503914,2.303770143387366,5.307356873563045,,,
IRL,2017,69748.6221034014,4827445.0,0.0,0.0,0,11.15265294469854,15.389827900159315,2.386571459795995,5.695723332712787,,,
IRN,2013,4916.97291948475,80414686.0,0.0,0.0,0,8.500448359868757,18.20270737916012,-0.2656331250337871,0.07056095711521558,,,
IRN,2014,5093.20319702187,81502045.0,0.0,0.0,0,8.535662223403056,18.21613866992083,-0.23041926149948821,0.05309303606996953,,,
IRN,2015,4952.73355532178,82619362.0,0.0,0.0,0,8.507694936536325,18.22975461780189,-0.25838654836621977,0.06676360837660883,,,
IRN,2016,5312.61724954192,83812228.0,0.0,0.0,0,8.57783988349113,18.244089473661607,-0.18824160141141455,0.03543490050193387,,,
IRN,2017,5395.2398398598,85026754.0,0.0,0.0,0,8.593272332655868,18.25847651787145,-0.1728091522466766,0.029863003100215047,,,
IRQ,2013,4504.82687537354,35281989.0,818.0,2366100.0,1,8.412904739864173,17.37888316506473,-0.3531767450383718,0.12473381323589909,-1.984189887140256,-1.714931108790877,-0.6361569542973633
IRQ,2014,4446.97343234862,36550059.0,977.0,2584500.0,1,8.399979016206505,17.414193358385845,-0.3661024686960399,0.13403101758533487,-1.984189887140256,-1.714931108790877,-0.6361569542973633
IRQ,2015,4440.14189252367,37560535.0,16.0,44550.0,1,8.398441612691233,17.44146445607936,-0.36763987221131167,0.13515907563954957,-1.984189887140256,-1.714931108790877,-0.6361569542973633
IRQ,2016,4932.9272911439,38469627.0,0.0,0.0,0,8.503687861847576,17.465379578814563,-0.2623936230549688,0.06885041341991306,-1.984189887140256,-1.714931108790877,-0.6361569542973633
IRQ,2017,4736.32710809857,39337353.0,0.0,0.0,0,8.463017242611702,17.48768508345554,-0.3030642422908425,0.0918479349553225,-1.984189887140256,-1.714931108790877,-0.6361569542973633
ISL,2013,51696.0876507326,323764.0,0.0,0.0,0,10.853137383566025,12.687770134304166,2.087055898663481,4.35580232414603,,,
ISL,2014,52102.575810195,327386.0,0.0,0.0,0,10.860969666254384,12.698895181856445,2.0948881813518394,4.388556492367617,,,
ISL,2015,53505.6964079339,330815.0,0.0,0.0,0,10.8875434021307,12.709314585722742,2.121461917228155,4.500600666249358,,,
ISL,2016,56049.2928672039,335439.0,0.0,0.0,0,10.933986812313744,12.723195400681126,2.1679053274111997,4.6998135086178605,,,
ISL,2017,56657.9800322797,343400.0,0.0,0.0,0,10.944788122065628,12.746651227445513,2.178706637163083,4.746762610818471,,,
ITA,2013,30330.0221599668,60311613.0,0.0,0.0,0,10.319893331311004,17.915035230219583,1.5538118464084594,2.414331254039266,,,
ITA,2014,30325.0287793923,60320707.0,0.0,0.0,0,10.319728682843698,17.915186002417567,1.553647197941153,2.413819615670396,,,
ITA,2015,30639.8829751432,60229605.0,0.0,0.0,0,10.330057804498121,17.913674566804808,1.563976319595577,2.446021928255726,,,
ITA,2016,31077.6792675211,60115223.0,0.0,0.0,0,10.344245132051489,17.91177366194095,1.5781636471489442,2.490600497182457,,,
ITA,2017,31635.52277108,60002252.0,0.0,0.0,0,10.362035906529954,17.90989265281535,1.5959544216274093,2.5470705159120786,,,
JAM,2013,5289.88438546111,2783687.0,0.0,0.0,0,8.573551669313158,14.839286865955009,-0.19252981558938664,0.03706772989088323,,,
JAM,2014,5307.19165380801,2793749.0,0.0,0.0,0,8.576818095574732,14.842894979402118,-0.18926338932781306,0.03582063053985134,,,
JAM,2015,5339.30718256806,2802534.0,0.0,0.0,0,8.582851182445014,14.846034565879837,-0.18323030245753102,0.0335733437386783,,,
JAM,2016,5472.28314023034,2809915.0,0.0,0.0,0,8.607451201426887,14.848664791742095,-0.15863028347565766,0.02516356683556751,,,
JAM,2017,5586.1365723133,2815764.0,0.0,0.0,0,8.628043195241927,14.850744185929901,-0.13803828966061715,0.019054569412428446,,,
JOR,2013,5007.76162067161,7991809.0,1313.0,1424550.0,1,8.518744311940884,15.893927700126044,-0.2473371729616609,0.06117567712866657,0.6056704752714042,0.5825652389362322,-0.1275868065260665
JOR,2014,4703.39944986815,8791710.0,1389.0,1512675.0,1,8.456040813458008,15.989319789990201,-0.3100406714445363,0.0961252179497789,0.6056704752714042,0.5825652389362322,-0.1275868065260665
JOR,2015,4441.61896013754,9544729.0,1076.0,1213050.0,1,8.398774219626274,16.071499622910746,-0.36730726527627056,0.1349146271247326,0.6056704752714042,0.5825652389362322,-0.1275868065260665
JOR,2016,4326.17261571505,10006367.0,1134.0,1322250.0,1,8.372438507639053,16.11873214835087,-0.3936429772634913,0.15495479354886552,0.6056704752714042,0.5825652389362322,-0.1275868065260665
JOR,2017,4335.92512689541,10234226.0,1440.0,1593075.0,1,8.374690275187968,16.14124815135525,-0.39139120971457686,0.1531870790418399,0.6056704752714042,0.5825652389362322,-0.1275868065260665
JPN,2013,34636.6924746166,127445000.0,0.0,0.0,0,10.452668875283202,18.663195456945832,1.686587390380657,2.8445770253910347,,,
JPN,2014,34996.8796756631,127276000.0,0.0,0.0,0,10.463014184373353,18.66186851472436,1.6969326994708087,2.879580586533286,,,
JPN,2015,35664.6446110613,127141000.0,0.0,0.0,0,10.481915130021003,18.660807264786893,1.7158336451184582,2.944085097720495,,,
JPN,2016,35934.4467886662,127076000.0,0.0,0.0,0,10.489451635006422,18.66029589063476,1.723370150103877,2.9700046742690596,,,
JPN,2017,36547.7357437305,126972000.0,0.0,0.0,0,10.506374513703035,18.6594771476743,1.7402930288004903,3.028619826091584,,,
KAZ,2013,9959.72586930534,17556502.0,0.0,0.0,0,9.20630482703776,16.68093492359426,0.44022334213521574,0.1937965909606992,,,
KAZ,2014,10226.7100539683,17816285.0,0.0,0.0,0,9.232758209369432,16.69562348464815,0.4666767244668879,0.21778716515914362,,,
KAZ,2015,10196.1226255982,18084169.0,0.0,0.0,0,9.22976279225756,16.71054747263056,0.46368130735501545,0.21500035479045632,,,
KAZ,2016,10151.423313302,18363600.0,0.0,0.0,0,9.225369202550446,16.725881002367128,0.45928771764790177,0.21094520758221874,,,
KAZ,2017,10404.2718646317,18651931.0,0.0,0.0,0,9.249971757006811,16.741460237568315,0.4838902721042668,0.2341497954371414,,,
KEN,2013,1413.94142522583,44986791.0,16391.0,9007200.0,1,7.254136420722833,17.62187947131192,-1.5119450641797112,2.285977877097391,-0.2898581318077513,-0.2093927329674495,-0.5856683858850739
KEN,2014,1450.59338202277,46051440.0,20196.0,9359850.0,1,7.279727980684498,17.645269590534987,-1.4863535042180462,2.209246739501266,-0.2898581318077513,-0.2093927329674495,-0.5856683858850739
KEN,2015,1489.11959777284,47088526.0,21923.0,9627625.0,1,7.305940350326721,17.667539919967243,-1.4601411345758235,2.132012132880373,-0.2898581318077513,-0.2093927329674495,-0.5856683858850739
KEN,2016,1517.97796057742,48139687.0,20604.0,9963925.0,1,7.325134439126475,17.689617488428517,-1.4409470457760696,2.0763283887307824,-0.2898581318077513,-0.2093927329674495,-0.5856683858850739
KEN,2017,1542.33773973372,49197766.0,24151.0,10044475.0,1,7.341054557205019,17.711358773927564,-1.4250269276975258,2.0307017446630495,-0.2898581318077513,-0.2093927329674495,-0.5856683858850739
KGZ,2013,1069.78404438716,5777150.0,1148.0,1644900.0,1,6.975212079410454,15.569421039460071,-1.7908694054920904,3.207213227527593,-0.1905952793088575,-0.2258522716711309,-0.1152716796034346
KGZ,2014,1088.58214229508,5905848.0,1468.0,2072475.0,1,6.992631341580301,15.591453604415701,-1.7734501433222434,3.1451254108496856,-0.1905952793088575,-0.2258522716711309,-0.1152716796034346
KGZ,2015,1105.65193844261,6040036.0,2337.0,2892950.0,1,7.008190429517273,15.613920530158136,-1.7578910553852714,3.0901809626035432,-0.1905952793088575,-0.2258522716711309,-0.1152716796034346
KGZ,2016,1128.3161612818,6175338.0,1340.0,1449775.0,1,7.028481677609842,15.636074175822413,-1.7375998072927024,3.0192530903036365,-0.1905952793088575,-0.2258522716711309,-0.1152716796034346
KGZ,2017,1157.18275758067,6306696.0,1376.0,1797875.0,1,7.05374367287057,15.65712248407187,-1.7123378120319748,2.9321007825144507,-0.1905952793088575,-0.2258522716711309,-0.1152716796034346
KHM,2013,1376.29557595926,15170208.0,4691.0,3509375.0,1,7.227150803535258,16.534844062502962,-1.5389306813672867,2.3683076420535816,-0.0674564638311513,-0.1265817627465109,-0.2751376939842131
KHM,2014,1464.53115866927,15396772.0,6233.0,4398975.0,1,7.289290442019109,16.54966843502292,-1.4767910428834359,2.180911784340746,-0.0674564638311513,-0.1265817627465109,-0.2751376939842131
KHM,2015,1547.32010444393,15623251.0,7390.0,4933025.0,1,7.344279748653593,16.56427081132144,-1.421801736248952,2.021520177200534,-0.0674564638311513,-0.1265817627465109,-0.2751376939842131
KHM,2016,1645.46671578126,15852803.0,11590.0,5568700.0,1,7.405779340759346,16.57885688807812,-1.3603021441431986,1.8504219233605834,-0.0674564638311513,-0.1265817627465109,-0.2751376939842131
KHM,2017,1753.93530504662,16073372.0,15696.0,7811325.0,1,7.4696172880139295,16.59267454768711,-1.296464196888615,1.6808194138140415,-0.0674564638311513,-0.1265817627465109,-0.2751376939842131
KIR,2013,1493.49148676402,113838.0,0.0,0.0,0,7.308871937448435,11.64253166409219,-1.4572095474541094,2.1234596651914104,,,
KIR,2014,1492.8508200481,115326.0,0.0,0.0,0,7.308442872954196,11.655518179535186,-1.4576386119483482,2.124710323042707,,,
KIR,2015,1639.85274740652,116815.0,0.0,0.0,0,7.402361728620289,11.668346765788058,-1.3637197562822552,1.8597315736745335,,,
KIR,2016,1731.43702001694,118478.0,0.0,0.0,0,7.456706990103825,11.682482568313045,-1.3093744947987194,1.7144615676294015,,,
KIR,2017,1768.87874841933,120275.0,0.0,0.0,0,7.478101149368208,11.697536066567654,-1.2879803355343364,1.658893344723142,,,
KNA,2013,18773.8926898397,47069.0,0.0,0.0,0,9.840222496988394,10.759369889215188,1.0741410120858497,1.1537789138448133,,,
KNA,2014,20187.8061975481,47089.0,0.0,0.0,0,9.912834047530385,10.75979470708092,1.1467525626278405,1.3150414398935193,,,
KNA,2015,20328.8003530109,47087.0,0.0,0.0,0,9.9197938961755,10.759752233414586,1.1537124112729558,1.3310523279252577,,,
KNA,2016,21133.6575914414,47075.0,0.0,0.0,0,9.958622195083098,10.759497353525353,1.1925407101805536,1.4221533454379391,,,
KNA,2017,21191.6047083703,47050.0,0.0,0.0,0,9.96136037790753,10.758966145013526,1.1952788930049856,1.4286916320632237,,,
KOR,2013,28732.711152033,50428893.0,0.0,0.0,0,10.265791514107688,17.736074842592465,1.4997100292051435,2.2491301716984924,,,
KOR,2014,29470.6732991655,50746659.0,0.0,0.0,0,10.29115092240545,17.7423563412068,1.5250694375029052,2.325836789205428,,,
KOR,2015,30171.7906545222,51014947.0,0.0,0.0,0,10.31466268254703,17.74762922618088,1.548581197644486,2.398103725698031,,,
KOR,2016,31005.4072876388,51217803.0,0.0,0.0,0,10.341916896889888,17.75159774441469,1.5758354119873434,2.4832572456733204,,,
KOR,2017,31979.9027302467,51361911.0,0.0,0.0,0,10.372862944802542,17.754407424597705,1.606781459899997,2.5817466598783656,,,
KWT,2013,32311.1800008536,3507844.0,0.0,0.0,0,10.383168579378946,15.070512161702048,1.6170870944764015,2.6149706711221303,,,
KWT,2014,31073.1537300624,3665876.0,0.0,0.0,0,10.34409950126109,15.114577882478034,1.5780180163585449,2.490140859952157,,,
KWT,2015,29882.2126495698,3834574.0,0.0,0.0,0,10.30501868769552,15.159568904475215,1.538937202792976,2.3683277141402694,,,
KWT,2016,29454.4426388829,4004096.0,0.0,0.0,0,10.290600031314794,15.202828395153803,1.5245185464122493,2.3241567983549176,,,
KWT,2017,27048.3706935958,4154812.0,0.0,0.0,0,10.205382049321752,15.239777738557288,1.4393005644192076,2.0715861147374497,,,
LAO,2013,1890.27861294875,6611385.0,0.0,0.0,0,7.5444795114478715,15.704303720892927,-1.221601973454673,1.4923113815483517,0.1473287658186864,0.0049378752681262,-0.311036318280728
LAO,2014,2006.31195444447,6703172.0,193.0,254425.0,1,7.604053467121512,15.71809140516305,-1.162028017781033,1.3503091141081165,0.1473287658186864,0.0049378752681262,-0.311036318280728
LAO,2015,2121.01339097363,6801645.0,633.0,491275.0,1,7.6596492680636725,15.732675052655107,-1.106432216838872,1.2241922504589808,0.1473287658186864,0.0049378752681262,-0.311036318280728
LAO,2016,2234.76098741846,6908802.0,342.0,244975.0,1,7.711889560576732,15.748306808788456,-1.0541919243258127,1.1113206133137599,0.1473287658186864,0.0049378752681262,-0.311036318280728
LAO,2017,2351.57441747595,7018147.0,590.0,294125.0,1,7.762840347695303,15.76400978104443,-1.0032411372072412,1.0064927793848786,0.1473287658186864,0.0049378752681262,-0.311036318280728
LBN,2013,8443.53856528784,5743436.0,1361.0,2154275.0,1,9.041156761014575,15.563568195474259,0.2750752761120303,0.07566640752810971,-0.8992233200038201,-0.7481540782728945,-0.0080179135657675
LBN,2014,7830.4151113336,6346990.0,1291.0,1916475.0,1,8.965770803075566,15.663491242739862,0.1996893181730215,0.03987582379240621,-0.8992233200038201,-0.7481540782728945,-0.0080179135657675
LBN,2015,7714.1099998804,6472469.0,2611.0,3641275.0,1,8.950806398438399,15.683068201102348,0.18472491353585418,0.0341232936808288,-0.8992233200038201,-0.7481540782728945,-0.0080179135657675
LBN,2016,8019.1416913426,6323060.0,3170.0,4167550.0,1,8.9895866741038,15.659713826162264,0.22350518920125495,0.049954569599888775,-0.8992233200038201,-0.7481540782728945,-0.0080179135657675
LBN,2017,8305.57405425721,6160128.0,4107.0,5568400.0,1,9.02468214118266,15.633608114514598,0.25860065628011597,0.06687429942850669,-0.8992233200038201,-0.7481540782728945,-0.0080179135657675
LBR,2013,717.007280358975,4470239.0,2783.0,853525.0,1,6.575085994465748,15.312952432721934,-2.190995490436797,4.80046123911438,-0.5487648549834702,-0.5828063998690499,-0.6707980442672459
LBR,2014,707.157694930142,4564293.0,2053.0,538550.0,1,6.561253689016782,15.333774185975361,-2.2048277958857625,4.861265609510469,-0.5487648549834702,-0.5828063998690499,-0.6707980442672459
LBR,2015,692.590082351257,4659431.0,37.0,14025.0,1,6.540438312419157,15.354403895642358,-2.2256431724833874,4.953487531221917,-0.5487648549834702,-0.5828063998690499,-0.6707980442672459
LBR,2016,668.031513175601,4755608.0,382.0,156250.0,1,6.504335347836498,15.37483511119238,-2.261746137066047,5.115495588533186,-0.5487648549834702,-0.5828063998690499,-0.6707980442672459
LBR,2017,671.260899835355,4848925.0,2140.0,769875.0,1,6.509157883807223,15.394267588861252,-2.2569236010953215,5.093704141181074,-0.5487648549834702,-0.5828063998690499,-0.6707980442672459
LBY,2013,10126.314927806,6304628.0,0.0,0.0,0,9.222892752955376,15.65679452484752,0.45681126805283157,0.20867653462003594,,,
LBY,2014,7644.24843947404,6427252.0,0.0,0.0,0,8.941708806071418,15.676057633169313,0.17562732116887325,0.030844955940954554,,,
LBY,2015,7458.48917756374,6531819.0,0.0,0.0,0,8.917108149572451,15.69219602295189,0.15102666466990655,0.0228090534413164,,,
LBY,2016,7236.16409923502,6632126.0,0.0,0.0,0,8.886846524427611,15.70743597441052,0.12076503952506634,0.014584194771490836,,,
LBY,2017,9435.60060040046,6738770.0,0.0,0.0,0,9.152245112416871,15.72338797365309,0.38616362751432654,0.14912234721502354,,,
LIE,2015,167187.15730982,37494.0,0.0,0.0,0,12.026869166334706,10.531936199157137,3.260787681432161,10.632736303379728,,,
LKA,2013,3728.93585962083,20585000.0,0.0,0.0,0,8.223878179607409,16.84007321318614,-0.5422033052951356,0.29398442427297,0.5110994491981401,0.4771697387880011,
LKA,2014,3929.92061307909,20778000.0,0.0,0.0,0,8.27637450442495,16.849405292612612,-0.4897069804775942,0.23981292672848284,0.5110994491981401,0.4771697387880011,
LKA,2015,4057.71582716521,20970000.0,0.0,0.0,0,8.308375490128181,16.858603402878103,-0.45770599477436313,0.20949477765238933,0.5110994491981401,0.4771697387880011,
LKA,2016,4214.74117217382,21209000.0,0.0,0.0,0,8.346343462186052,16.869936177857483,-0.4197380227164924,0.1761800077139507,0.5110994491981401,0.4771697387880011,
LKA,2017,4436.00789131029,21453000.0,0.0,0.0,0,8.397510127393447,16.881375053698644,-0.3685713575090972,0.13584484557609874,0.5110994491981401,0.4771697387880011,
LSO,2013,1093.95323489272,2056504.0,0.0,0.0,0,6.997553235169458,14.536518011702997,-1.7685282497330865,3.1276921701039746,-0.1296472861699744,-0.1455994930299183,-0.5303081305550024
LSO,2014,1100.04993684215,2080089.0,0.0,0.0,0,7.0031108548852705,14.547921239223639,-1.762970630017274,3.1080654423035043,-0.1296472861699744,-0.1455994930299183,-0.5303081305550024
LSO,2015,1121.19851342518,2104611.0,25.0,24050.0,1,7.022153493411392,14.559641209921583,-1.7439279914911525,3.0412848395063654,-0.1296472861699744,-0.1455994930299183,-0.5303081305550024
LSO,2016,1147.58748801671,2130422.0,224.0,196475.0,1,7.045417181308762,14.57183064012775,-1.7206643035937823,2.9606856456618758,-0.1296472861699744,-0.1455994930299183,-0.5303081305550024
LSO,2017,1097.82166812752,2157110.0,399.0,295925.0,1,7.001083193694294,14.584279920825756,-1.7649982912082507,3.115218967968045,-0.1296472861699744,-0.1455994930299183,-0.5303081305550024
LTU,2013,13145.8069309969,2961250.0,0.0,0.0,0,9.483858122194823,14.901122034455133,0.7177766372922783,0.5152033010426108,,,
LTU,2014,13753.1895982305,2937253.0,0.0,0.0,0,9.529026046974057,14.892985348792818,0.7629445620715121,0.5820844047944913,,,
LTU,2015,14269.8039878287,2911109.0,0.0,0.0,0,9.565900974414994,14.884044666204003,0.7998194895124495,0.6397112158039554,,,
LTU,2016,14823.107153522,2877325.0,0.0,0.0,0,9.603942536356517,14.872371601047618,0.8378610514539719,0.7020111415435554,,,
LTU,2017,15695.9993288456,2842639.0,0.0,0.0,0,9.66116113904556,14.860243404026887,0.8950796541430162,0.8011675872607814,,,
LUX,2013,105340.41498623,543360.0,0.0,0.0,0,11.564952432522976,13.205527362665064,2.798870947620431,7.83367858143369,,,
LUX,2014,105585.401767492,556319.0,0.0,0.0,0,11.567275399860009,13.22909714971347,2.801193914957464,7.846687349194724,,,
LUX,2015,105462.012584423,569604.0,0.0,0.0,0,11.566106096767557,13.252696661527155,2.8000246118650125,7.840137827049814,,,
LUX,2016,108351.452194449,582014.0,0.0,0.0,0,11.593135409684555,13.274249781407077,2.8270539247820103,7.992233893625369,,,
LUX,2017,107142.05542835,596336.0,0.0,0.0,0,11.581910853760451,13.298559545584688,2.815829368857907,7.928895034522718,,,
LVA,2013,12353.5386135301,2012647.0,0.0,0.0,0,9.421697828426328,14.51496132908557,0.6556163435237838,0.4298327898954961,,,
LVA,2014,12731.6771959342,1993782.0,0.0,0.0,0,9.451848434321084,14.505543895543228,0.6857669494185394,0.47027630891480965,,,
LVA,2015,13321.9753140616,1977527.0,0.0,0.0,0,9.49717022995096,14.49735763213377,0.7310887450484156,0.5344907531364672,,,
LVA,2016,13787.3367440023,1959537.0,0.0,0.0,0,9.531505822621467,14.488218778811504,0.7654243377189225,0.5858744167724511,,,
LVA,2017,14382.8612727134,1942248.0,0.0,0.0,0,9.573792587331301,14.47935662307858,0.8077111024287564,0.6523972249866771,,,
MAC,2013,99054.4980289716,591900.0,0.0,0.0,0,11.503425462796491,13.291092980678817,2.7373439778939463,7.493052053312254,,,
MAC,2014,92383.8434915276,621700.0,0.0,0.0,0,11.433707388353238,13.340212940257429,2.667625903450693,7.116227960761126,,,
MAC,2015,69902.9605741233,642900.0,0.0,0.0,0,11.154863281747343,13.373744470129779,2.388781796844798,5.706278472937061,,,
MAC,2016,68391.3415491921,652500.0,0.0,0.0,0,11.13300151005989,13.388566418178986,2.366920025157345,5.602310405490846,,,
MAC,2017,75650.1261840452,648400.0,0.0,0.0,0,11.233874387213065,13.382263068843658,2.4677929023105207,6.090001808694184,,,
MAR,2013,3008.185546875,33787571.0,0.0,0.0,0,8.009092367633745,17.335603570933483,-0.7569891172687999,0.573032523663397,,,
MAR,2014,3051.458984375,34204780.0,0.0,0.0,0,8.02337511075871,17.347875958348336,-0.7427063741438342,0.5516127581938811,,,
MAR,2015,3146.24780273438,34607588.0,0.0,0.0,0,8.05396584807324,17.35958352234221,-0.7121156368293047,0.5071086802168061,,,
MAR,2016,3124.42504882813,35023457.0,0.0,0.0,0,8.047005560868302,17.371528594969963,-0.719075924034243,0.5170701845257004,,,
MAR,2017,3242.64428710938,35446392.0,0.0,0.0,0,8.084144413923577,17.38353202861185,-0.681937070978968,0.46503816877537413,,,
MCO,2013,157167.901201149,35447.0,0.0,0.0,0,11.965069947295072,10.475793902145139,3.1989884623925278,10.23352718252051,,,
MCO,2014,165288.122704322,36128.0,0.0,0.0,0,12.015445428259158,10.494823466949388,3.249363943356613,10.558366036386039,,,
MCO,2015,170437.021128628,36757.0,0.0,0.0,0,12.046121129924316,10.512083962693172,3.2800396450217715,10.758660072914548,,,
MCO,2016,173120.108465128,37276.0,0.0,0.0,0,12.061740901171527,10.526104966905546,3.2956594162689825,10.861370988042411,,,
MCO,2017,165781.701248644,37678.0,0.0,0.0,0,12.018427149179026,10.53683164872532,3.252345664276481,10.577752319938025,,,
MDA,2013,2605.85029986142,2859558.0,0.0,0.0,0,7.865514311622449,14.86617762539811,-0.9005671732800957,0.8110212335897019,0.0722493560782917,0.0570261677112089,0.8683968955587792
MDA,2014,2737.80185056647,2857815.0,4.0,11300.0,1,7.914910633093125,14.86556790479601,-0.8511708518094192,0.7244918189699723,0.0722493560782917,0.0570261677112089,0.8683968955587792
MDA,2015,2749.55137054338,2835978.0,66.0,140625.0,1,7.9191930393679435,14.857897409199271,-0.8468884455346011,0.717220039180013,0.0722493560782917,0.0570261677112089,0.8683968955587792
MDA,2016,2910.95486872376,2803186.0,186.0,347975.0,1,7.976236439923537,14.846267185419501,-0.7898450449790078,0.6238551950778908,0.0722493560782917,0.0570261677112089,0.8683968955587792
MDA,2017,3085.33305844263,2755189.0,182.0,405150.0,1,8.03441489110945,14.82899660075694,-0.7316665937930953,0.5353360044727903,0.0722493560782917,0.0570261677112089,0.8683968955587792
MDG,2013,440.674658903628,24109290.0,0.0,0.0,0,6.088306868274125,16.998107801362067,-2.6777746166284198,7.170476897459481,-0.4537985430166574,-0.4887554947282693,-0.84595942571709
MDG,2014,443.343869908205,24764348.0,0.0,0.0,0,6.094345698975503,17.024915596179603,-2.6717357859270416,7.138172109803187,-0.4537985430166574,-0.4887554947282693,-0.84595942571709
MDG,2015,445.320069480568,25426702.0,967.0,318550.0,1,6.098793280884405,17.051310439644617,-2.6672882040181394,7.114426363294312,-0.4537985430166574,-0.4887554947282693,-0.84595942571709
MDG,2016,451.15659433146,26099952.0,1838.0,628300.0,1,6.111814495049767,17.07744403321077,-2.6542669898527773,7.045133253422123,-0.4537985430166574,-0.4887554947282693,-0.84595942571709
MDG,2017,456.851859574031,26788375.0,2067.0,592225.0,1,6.124359179862155,17.103478582719532,-2.64172230504039,6.978696736947911,-0.4537985430166574,-0.4887554947282693,-0.84595942571709
MDV,2013,9213.32791442475,400070.0,0.0,0.0,0,9.128406401053926,12.899394810779405,0.3623249161513815,0.13127934486410564,,,
MDV,2014,9612.07861806739,413617.0,0.0,0.0,0,9.170775775980983,12.932695703846179,0.4046942910784388,0.16377746923148015,,,
MDV,2015,9644.90655028145,428154.0,0.0,0.0,0,9.174185236364064,12.967238222930842,0.40810375146151934,0.16654867195696554,,,
MDV,2016,9909.07669723415,443308.0,0.0,0.0,0,9.201206454187805,13.002020067039968,0.4351249692852601,0.18933373889549857,,,
MDV,2017,10263.2991147672,458287.0,0.0,0.0,0,9.23632961818517,13.035250904395578,0.4702481332826256,0.22113330685579402,,,
MEX,2013,9738.71059661101,118343573.0,1291.0,2109275.0,1,9.183864005595144,18.589102587422236,0.41778252069259914,0.17454223459626203,-0.1857528272920443,-0.1386164381644435,0.1657645134734721
MEX,2014,9862.4812534745,119784261.0,978.0,1746600.0,1,9.196493064363933,18.60120285771938,0.4304115794613885,0.18525412773444716,-0.1857528272920443,-0.1386164381644435,0.1657645134734721
MEX,2015,10021.2386113616,121072306.0,1883.0,3429625.0,1,9.21246198090763,18.611898495334945,0.44638049600508545,0.1992555472137461,-0.1857528272920443,-0.1386164381644435,0.1657645134734721
MEX,2016,10100.5021195819,122251351.0,2222.0,4104975.0,1,9.2203404164037,18.621589737382937,0.4542589315011547,0.20635117684857077,-0.1857528272920443,-0.1386164381644435,0.1657645134734721
MEX,2017,10193.7727188313,123400057.0,1171.0,893000.0,1,9.229532295068868,18.630942131347936,0.4634508101663233,0.21478665344382142,-0.1857528272920443,-0.1386164381644435,0.1657645134734721
MHL,2013,3602.92811901896,50681.0,0.0,0.0,0,8.189502160235167,10.833306365889975,-0.576579324667378,0.33244371763388975,,,
MHL,2014,3620.77275283155,49796.0,0.0,0.0,0,8.194442749671868,10.815689938501677,-0.5716387352306764,0.3267708436161274,,,
MHL,2015,3764.34426229508,48800.0,0.0,0.0,0,8.233328958344115,10.795485591841238,-0.5327525265584292,0.2838252545543898,,,
MHL,2016,3946.8444109078,47709.0,0.0,0.0,0,8.280671655303356,10.772875338324026,-0.4854098295991882,0.23562270267151295,,,
MHL,2017,4190.93468589482,46529.0,0.0,0.0,0,8.340679063431127,10.747831053096895,-0.4254024214714178,0.1809672201937458,,,
MKD,2013,4863.68088666968,1922716.0,0.0,0.0,0,8.48955081431236,14.469249327756843,-0.2765306705901853,0.07646921177705758,,,
MKD,2014,5053.75001236367,1917557.0,0.0,0.0,0,8.527885823401416,14.46656253798773,-0.2381956615011287,0.056737173157960286,,,
MKD,2015,5262.68671928674,1912430.0,0.0,0.0,0,8.568396958460816,14.463885242705794,-0.19768452644172818,0.039079171994490326,,,
MKD,2016,5429.94678358359,1906313.0,0.0,0.0,0,8.599684612434945,14.460681567972074,-0.16639687246759927,0.027687919166998493,,,
MKD,2017,5510.81862920922,1898657.0,0.0,0.0,0,8.614468462655624,14.456657352100743,-0.15161302224692008,0.022986508514845082,,,
MLI,2013,788.819448208696,17459615.0,1983.0,1899075.0,1,6.670537458421474,16.6754010577317,-2.095544026481071,4.391304766920499,-1.298213260745867,-1.0788286694418436,-0.7343388355643711
MLI,2014,813.97566128646,18020267.0,2988.0,3279875.0,1,6.701930465416038,16.70700762690484,-2.0641510194865065,4.260719431247184,-1.298213260745867,-1.0788286694418436,-0.7343388355643711
MLI,2015,838.11986940103,18593022.0,1594.0,2082275.0,1,6.731161132497182,16.738296907002503,-2.0349203524053623,4.140900840633564,-1.298213260745867,-1.0788286694418436,-0.7343388355643711
MLI,2016,860.75307554569,19191289.0,1561.0,2265025.0,1,6.757807675312093,16.7699670361293,-2.0082738095904515,4.033163694286945,-1.298213260745867,-1.0788286694418436,-0.7343388355643711
MLI,2017,878.561348378099,19813011.0,729.0,2112775.0,1,6.778285738288648,16.80184940106728,-1.9877957466138962,3.951331930256297,-1.298213260745867,-1.0788286694418436,-0.7343388355643711
MLT,2013,22626.4876843887,424810.0,0.0,0.0,0,10.026876520412557,12.959397289122435,1.2607950355100126,1.5896041215666938,,,
MLT,2014,23866.0555833557,433481.0,0.0,0.0,0,10.080212459903496,12.979603244945778,1.3141309750009516,1.7269402194569516,,,
MLT,2015,25529.6693210673,444220.0,0.0,0.0,0,10.147596557588672,13.0040752141925,1.3815150726861276,1.9085838960589565,,,
MLT,2016,25969.4999809345,454505.0,0.0,0.0,0,10.164678050753091,13.02696419363927,1.3985965658505464,1.9560723540089417,,,
MLT,2017,28546.6464943104,467106.0,0.0,0.0,0,10.259294747390365,13.054311491622858,1.4932132624878207,2.2296858472695216,,,
MMR,2013,1024.69060473254,50262658.0,0.0,0.0,0,6.932145996965493,17.732772973679367,-1.833935487937052,3.363319373914913,-0.9875481995633876,-0.8870082380744154,-0.6368221294713464
MMR,2014,1099.24387750099,50681634.0,48.0,402950.0,1,7.002377838339691,17.741074154412857,-1.7637036465628535,3.1106505528991066,-0.9875481995633876,-0.8870082380744154,-0.6368221294713464
MMR,2015,1166.73305546337,51089056.0,230.0,944875.0,1,7.0619628618732735,17.749080863939174,-1.704118623029271,2.9040202813551788,-0.9875481995633876,-0.8870082380744154,-0.6368221294713464
MMR,2016,1225.37913970989,51495696.0,512.0,881225.0,1,7.111005576897016,17.75700878932603,-1.6550759080055286,2.739276261260325,-0.9875481995633876,-0.8870082380744154,-0.6368221294713464
MMR,2017,1290.5640902569,51894938.0,1934.0,1972500.0,1,7.162834681045915,17.764731809660706,-1.6032468038566297,2.5704003140764984,-0.9875481995633876,-0.8870082380744154,-0.6368221294713464
MNE,2013,6138.24865275199,622587.0,0.0,0.0,0,8.722294744745602,13.34163865659176,-0.04378674015694273,0.0019172786135716207,,,
MNE,2014,6272.08821761355,623744.0,0.0,0.0,0,8.743864627239612,13.343495306763124,-0.02221685766293291,0.0004935887644150207,,,
MNE,2015,6421.00005731419,624651.0,0.0,0.0,0,8.767329156720102,13.344948372755196,0.001247671817557361,1.5566849643268884e-06,,,
MNE,2016,6634.38197201003,625353.0,0.0,0.0,0,8.80002079578283,13.34607156927905,0.033939310880285234,0.0011518768230286476,,,
MNE,2017,6840.90834101224,625982.0,0.0,0.0,0,8.830675800193273,13.34707689567522,0.06459431529072823,0.004172425567878007,,,
MNG,2013,3628.90708069575,2899011.0,1806.0,3820950.0,1,8.196686802227164,14.87988020230846,-0.5693946826753802,0.3242103046589969,0.7595142609183977,0.6106421096420495,1.6158395889779442
MNG,2014,3830.35892049593,2963113.0,766.0,1298625.0,1,8.25071379070713,14.901750962851791,-0.5153676941954153,0.2656038602202991,0.7595142609183977,0.6106421096420495,1.6158395889779442
MNG,2015,3838.92126989984,3026864.0,198.0,346675.0,1,8.252946686819639,14.92303765802194,-0.5131347980829055,0.2633073210035842,0.7595142609183977,0.6106421096420495,1.6158395889779442
MNG,2016,3817.91962716702,3088856.0,0.0,0.0,0,8.247460953034002,14.943311353785948,-0.5186205318685424,0.2689672560756098,0.7595142609183977,0.6106421096420495,1.6158395889779442
MNG,2017,3956.2049437134,3148917.0,0.0,0.0,0,8.283040497192792,14.962569142161962,-0.483040987709753,0.23332859580761375,0.7595142609183977,0.6106421096420495,1.6158395889779442
MNP,2013,16015.0349164338,52758.0,0.0,0.0,0,9.681283242274025,10.873470698607058,0.9152017573714808,0.8375942566958468,,,
MNP,2014,16869.5270385638,52178.0,0.0,0.0,0,9.73326413949578,10.862416229094517,0.9671826545932358,0.9354422873460185,,,
MNP,2015,17665.1007493109,51514.0,0.0,0.0,0,9.779346263106214,10.849608894368957,1.01326477820367,1.0267055107481324,,,
MNP,2016,23158.5744988538,50773.0,0.0,0.0,0,10.050120379656798,10.835119996209482,1.2840388947542536,1.648755883241725,,,
MNP,2017,28989.3470221339,49959.0,0.0,0.0,0,10.274683697416904,10.81895794802638,1.5086022125143597,2.275880635603221,,,
MOZ,2013,559.393953685688,25051611.0,513.0,286275.0,1,6.326853972138992,17.036448694804506,-2.4392275127635523,5.949830859022666,-0.5853602687753062,-0.5563544832522999,-0.5761328033260082
MOZ,2014,585.266716133984,25788475.0,593.0,445675.0,1,6.372067668344984,17.065438244662896,-2.3940138165575604,5.731302153868496,-0.5853602687753062,-0.5563544832522999,-0.5761328033260082
MOZ,2015,610.563774706589,26547572.0,1001.0,665525.0,1,6.414382751168728,17.094448851376246,-2.3516987337338167,5.5304869342452365,-0.5853602687753062,-0.5563544832522999,-0.5761328033260082
MOZ,2016,620.779714954555,27337105.0,1257.0,640675.0,1,6.430976292682047,17.123755494845852,-2.3351051922204977,5.452716258735127,-0.5853602687753062,-0.5563544832522999,-0.5761328033260082
MOZ,2017,618.397694360334,28166393.0,1110.0,648700.0,1,6.427131768870941,17.15364008763576,-2.3389497160316033,5.470685774124318,-0.5853602687753062,-0.5563544832522999,-0.5761328033260082
MRT,2013,1506.66419033006,3734318.0,0.0,0.0,0,7.3176533405705735,15.133075762821298,-1.448428144331971,2.097944089292957,-0.1528365227626636,-0.146893339643293,-0.5901951469287363
MRT,2014,1524.45340969502,3848514.0,1.0,15000.0,1,7.329391204921639,15.163197657730846,-1.4366902799809056,2.0640789605916128,-0.1528365227626636,-0.146893339643293,-0.5901951469287363
MRT,2015,1558.84205473416,3965959.0,0.0,0.0,0,7.351698552016565,15.19325825013653,-1.4143829328859798,2.000479080839146,-0.1528365227626636,-0.146893339643293,-0.5901951469287363
MRT,2016,1531.87725661699,4086657.0,0.0,0.0,0,7.334249227389078,15.223237834385445,-1.4318322575134665,2.0501436136561098,-0.1528365227626636,-0.146893339643293,-0.5901951469287363
MRT,2017,1580.01453100123,4210600.0,0.0,0.0,0,7.365189322814944,15.253115713318593,-1.400892162087601,1.9624988497984732,-0.1528365227626636,-0.146893339643293,-0.5901951469287363
MUS,2013,8968.51243536773,1258927.0,0.0,0.0,0,9.101475103548594,14.045770328819618,0.3353936186460498,0.11248887942849187,,,
MUS,2014,9297.64820128968,1261208.0,0.0,0.0,0,9.137516765579655,14.047580549798164,0.37143528067710996,0.13796416773168346,,,
MUS,2015,9630.5437837507,1262879.0,0.0,0.0,0,9.172694970877131,14.048904593101044,0.4066134859745869,0.16533452697640558,,,
MUS,2016,9997.89198315532,1263747.0,0.0,0.0,0,9.210129548069917,14.04959167542676,0.4440480631673722,0.1971786824026946,,,
MUS,2017,10383.8832682578,1264887.0,0.0,0.0,0,9.248010197380088,14.050493348090528,0.48192871247754354,0.23225528391026284,,,
MWI,2013,525.357645516557,16161816.0,1.0,49975.0,1,6.264079260215444,16.59816198098111,-2.502002224687101,6.260015132339203,0.0222303424060911,-0.011146325362773,-0.7826832586384014
MWI,2014,539.562601918057,16621538.0,93.0,135775.0,1,6.290758814885902,16.626209882219605,-2.4753226700166424,6.127222320698319,0.0222303424060911,-0.011146325362773,-0.7826832586384014
MWI,2015,539.605363240686,17085587.0,331.0,527775.0,1,6.2908380635738395,16.653745800564966,-2.475243421328705,6.126829994831033,0.0222303424060911,-0.011146325362773,-0.7826832586384014
MWI,2016,538.221990810959,17557739.0,545.0,536675.0,1,6.288271097381806,16.681005379339013,-2.477810387520739,6.139544316505674,0.0222303424060911,-0.011146325362773,-0.7826832586384014
MWI,2017,544.795729220349,18039715.0,761.0,932475.0,1,6.300410915634879,16.708086274247794,-2.4656705692676653,6.079531356152732,0.0222303424060911,-0.011146325362773,-0.7826832586384014
MYS,2013,8964.80724896203,30174265.0,0.0,0.0,0,9.101061885413454,17.222499966739033,0.3349804005109096,0.1122118687264494,,,
MYS,2014,9341.73055971278,30696137.0,0.0,0.0,0,9.142246798825608,17.239647374021196,0.37616531392306385,0.1415003433988372,,,
MYS,2015,9648.6797937523,31232798.0,0.0,0.0,0,9.17457637603625,17.256979318585756,0.40849489113370474,0.16686807608233728,,,
MYS,2016,9901.47960179812,31789685.0,0.0,0.0,0,9.200439479682519,17.27465242406155,0.4343579947799743,0.18866686762928017,,,
MYS,2017,10293.7629205362,32355644.0,0.0,0.0,0,9.239293449107793,17.292299030463333,0.47321196420524814,0.22392956306698905,,,
NAM,2013,4549.26759093897,2252508.0,0.0,0.0,0,8.42272152996369,14.627554820067646,-0.34335995493885463,0.11789605865561228,,,
NAM,2014,4701.95694189098,2312139.0,0.0,0.0,0,8.455734071655062,14.65368362807447,-0.3103474132474826,0.09631551690940374,,,
NAM,2015,4774.10650865775,2374300.0,0.0,0.0,0,8.470962116800253,14.680213215165335,-0.29511936810229145,0.0870954414290958,,,
NAM,2016,4648.62713460213,2439213.0,0.0,0.0,0,8.44432721511902,14.707186004258247,-0.32175426978352384,0.10352581012392864,,,
NAM,2017,4476.73324402105,2506853.0,0.0,0.0,0,8.406648872820726,14.734538739601579,-0.3594326120818181,0.12919180262795874,,,
NCL,2015,30858.7237060533,283168.0,0.0,0.0,0,10.337174767513405,12.553795640067078,1.5710932826108603,2.4683341026649686,,,
NER,2013,469.690214200878,18519898.0,0.0,0.0,0,6.152073358668328,16.734356279607745,-2.614008126234217,6.833038484018522,,,
NER,2014,482.74524741946,19215909.0,0.0,0.0,0,6.179489076453245,16.771249087653718,-2.5865924084492997,6.690460287447549,,,
NER,2015,485.662574175279,19939498.0,0.0,0.0,0,6.185514090947897,16.808213146654477,-2.580567393954648,6.659328074741882,,,
NER,2016,488.184823801581,20685753.0,0.0,0.0,0,6.190694071448602,16.844955760405785,-2.5753874134539423,6.632620329376987,,,
NER,2017,497.172608329608,21435446.0,0.0,0.0,0,6.208937266263771,16.880556464888954,-2.557144218638774,6.538986554917705,,,
NGA,2013,2495.34106573862,181049443.0,144.0,60800.0,1,7.822180698537905,19.014280717672985,-0.9439007863646394,0.8909486944997845,-1.2383379396039775,-1.057910823064047,0.0288995805474648
NGA,2014,2583.61556958171,185896915.0,3034.0,456650.0,1,7.856945080452944,19.040702857610455,-0.9091364044496002,0.826529001895547,-1.2383379396039775,-1.057910823064047,0.0288995805474648
NGA,2015,2585.73360671797,190671878.0,2608.0,486700.0,1,7.857764540382057,19.066064592470276,-0.9083169445204877,0.8250396717030348,-1.2383379396039775,-1.057910823064047,0.0288995805474648
NGA,2016,2481.81490350403,195443700.0,3186.0,964400.0,1,7.816745387441366,19.090782916375982,-0.9493360974611784,0.90123902594282,-1.2383379396039775,-1.057910823064047,0.0288995805474648
NGA,2017,2441.71236404537,200254579.0,2443.0,591200.0,1,7.800454860692004,19.11510001006829,-0.9656266242105405,0.9324347773842443,-1.2383379396039775,-1.057910823064047,0.0288995805474648
NIC,2013,1941.45628552626,5983845.0,4754.0,3767350.0,1,7.571193633093493,15.60457389589456,-1.1948878518090513,1.4277569784008495,-0.6994328711842228,-0.6384531968945585,-0.4385052515879939
NIC,2014,2006.64869646533,6066492.0,4786.0,3972425.0,1,7.604221294344823,15.618291071755648,-1.1618601905577215,1.349919102402825,-0.6994328711842228,-0.6384531968945585,-0.4385052515879939
NIC,2015,2074.45620634731,6149417.0,2978.0,2862025.0,1,7.637454329088445,15.631867838541238,-1.1286271558140992,1.273799256841023,-0.6994328711842228,-0.6384531968945585,-0.4385052515879939
NIC,2016,2140.14405941606,6232666.0,2390.0,2278200.0,1,7.668628423234317,15.64531472860197,-1.0974530616682276,1.2044032225649666,-0.6994328711842228,-0.6384531968945585,-0.4385052515879939
NIC,2017,2209.63273423213,6316231.0,3189.0,2877175.0,1,7.700581597096402,15.658633227469739,-1.0654998878061424,1.135290010914902,-0.6994328711842228,-0.6384531968945585,-0.4385052515879939
NLD,2013,44487.0378593394,16804432.0,0.0,0.0,0,10.702953141663102,16.637153219105684,1.936871656760557,3.751471814762385,,,
NLD,2014,45042.0515907444,16865008.0,0.0,0.0,0,10.715351812192356,16.64075150083295,1.9492703272898115,3.799654808852529,,,
NLD,2015,45793.8135434697,16939923.0,0.0,0.0,0,10.73190428550867,16.645183701723305,1.9658228006061247,3.8644592833829075,,,
NLD,2016,46655.0340264754,17030314.0,0.0,0.0,0,10.750536110988945,16.650505490519393,1.9844546260864,3.9380601629957135,,,
NLD,2017,47670.0858101833,17131296.0,0.0,0.0,0,10.772059348285007,16.656417524181034,2.005977863382462,4.023947188380467,,,
NOR,2013,75711.2410395262,5079623.0,0.0,0.0,0,11.234681922978936,15.440747604202349,2.4686004380763915,6.093988122870952,,,
NOR,2014,76430.7374974687,5137232.0,0.0,0.0,0,11.244140217509605,15.452024970975842,2.47805873260706,6.1407750822501095,,,
NOR,2015,77220.9524311414,5188607.0,0.0,0.0,0,11.25442610373778,15.461975818345426,2.488344618835235,6.191858942086272,,,
NOR,2016,77532.2750022669,5234519.0,0.0,0.0,0,11.258449580291675,15.470785516499024,2.4923680953891303,6.211898722913641,,,
NOR,2017,78961.7757906168,5276968.0,0.0,0.0,0,11.276719163603925,15.478862248317874,2.5106376787013804,6.303301553715056,,,
NPL,2013,801.039060847856,27589996.0,164.0,52800.0,1,6.685909710982821,17.132963801213393,-2.080171773919724,4.327114609012331,-0.2786618270580682,-0.2937106689579289,-0.106969512031246
NPL,2014,846.665541773599,27672370.0,96.0,55575.0,1,6.741305742729731,17.1359450004262,-2.024775742172814,4.099716806091469,-0.2786618270580682,-0.2937106689579289,-0.106969512031246
NPL,2015,875.543635474862,27823629.0,214.0,100725.0,1,6.77484499111767,17.141396181674768,-1.991236493784875,3.9650227741806825,-0.2786618270580682,-0.2937106689579289,-0.106969512031246
NPL,2016,875.188943730855,27955462.0,280.0,99800.0,1,6.774439798739264,17.146123158866864,-1.9916416861632804,3.966636606063315,-0.2786618270580682,-0.2937106689579289,-0.106969512031246
NPL,2017,951.857298563641,28011258.0,235.0,110925.0,1,6.858415127089003,17.14811705875899,-1.9076663578135413,3.639190932733582,-0.2786618270580682,-0.2937106689579289,-0.106969512031246
NRU,2013,6735.42128061862,10517.0,0.0,0.0,0,8.815135637833835,9.260748274520028,0.04905415293129067,0.0024063099198064534,,,
NRU,2014,7638.99065218892,10742.0,0.0,0.0,0,8.94102075984496,9.281916570465405,0.17493927494241568,0.030603749917378107,,,
NRU,2015,7747.25584993607,10954.0,0.0,0.0,0,8.955093975765678,9.301459965343666,0.1890124908631332,0.035725721702286016,,,
NRU,2016,7925.5779662048,11150.0,0.0,0.0,0,8.97785052557582,9.319194776888265,0.21176904067327484,0.044846126587679135,,,
NRU,2017,7308.31758516515,11324.0,0.0,0.0,0,8.896768373746484,9.33467964623179,0.13068688884393964,0.017079062915708234,,,
NZL,2013,37240.0279166822,4442100.0,0.0,0.0,0,10.5251394810331,15.306637795564919,1.7590579961305561,3.0942850337508476,,,
NZL,2014,38025.4674998632,4516500.0,0.0,0.0,0,10.546011411591383,15.323247915572034,1.7799299266888386,3.1681505439225344,,,
NZL,2015,38648.7302562109,4609400.0,0.0,0.0,0,10.562269201113974,15.343608254658527,1.7961877162114295,3.226290311868831,,,
NZL,2016,39205.0341298225,4714100.0,0.0,0.0,0,10.576560439212342,15.366068575660085,1.8104789543097972,3.2778340439986966,,,
NZL,2017,39667.6884236272,4813600.0,0.0,0.0,0,10.588292241672647,15.386955802888279,1.8222107567701027,3.3204520420886703,,,
OMN,2013,19299.9400516869,3833913.0,0.0,0.0,0,9.867857268757941,15.159396510624475,1.1017757838553965,1.2139098778901736,,,
OMN,2014,18726.2026946971,4002439.0,0.0,0.0,0,9.837679035679123,15.202414483262165,1.0715975507765787,1.1483213108303623,,,
OMN,2015,18808.3077921839,4184895.0,0.0,0.0,0,9.842053955046863,15.246992171985228,1.0759724701443183,1.1577167565084658,,,
OMN,2016,18830.6057208608,4390877.0,0.0,0.0,0,9.843238788996851,15.29503953730911,1.0771573040943068,1.1602678577637149,,,
OMN,2017,18277.945563615,4537396.0,0.0,0.0,0,9.81345045158146,15.327863837182381,1.0473689666789152,1.0969817523620586,,,
PAK,2013,1309.70080446386,211073978.0,5875.0,2724775.0,1,7.177553996570383,19.167719236627267,-1.5885274883321614,2.5234195811868854,-1.0779992099917737,-0.8485688603944036,-0.4556582177980393
PAK,2014,1343.30778121043,214264647.0,5882.0,3018950.0,1,7.2028903446602675,19.182722477166124,-1.5631911402422771,2.4435665409319505,-1.0779992099917737,-0.8485688603944036,-0.4556582177980393
PAK,2015,1380.47020838317,217290883.0,6407.0,3358900.0,1,7.230179450828166,19.196747488525045,-1.535902034074379,2.358995058273815,-1.0779992099917737,-0.8485688603944036,-0.4556582177980393
PAK,2016,1452.18658269177,220138869.0,8777.0,4295550.0,1,7.280825687605688,19.20976912790664,-1.4852557972968565,2.205984783403921,-1.0779992099917737,-0.8485688603944036,-0.4556582177980393
PAK,2017,1495.26187528032,223273967.0,10607.0,4754725.0,1,7.310056637896352,19.223910126941952,-1.4560248470061925,2.120008355099406,-1.0779992099917737,-0.8485688603944036,-0.4556582177980393
PAN,2013,13236.8306754449,3825329.0,2.0,18000.0,1,9.490758425869842,15.157155034615757,0.7246769409672975,0.52515666876972,0.757481309083762,0.6591147037495843,0.4570017165012028
PAN,2014,13611.5490809559,3892101.0,5.0,30000.0,1,9.51867390848937,15.174459672619356,0.752592423586826,0.5663953560402926,0.757481309083762,0.6591147037495843,0.4570017165012028
PAN,2015,14082.6548502728,3960035.0,134.0,146100.0,1,9.552699166644704,15.191763421575443,0.7866176817421593,0.618767377229409,0.757481309083762,0.6591147037495843,0.4570017165012028
PAN,2016,14474.1243636349,4029086.0,54.0,97175.0,1,9.580117807598286,15.209050109192637,0.8140363226957419,0.6626551346680061,0.757481309083762,0.6591147037495843,0.4570017165012028
PAN,2017,15045.5456426827,4098707.0,1.0,30000.0,1,9.618837255783216,15.22618211608261,0.8527557708806714,0.7271924047702882,0.757481309083762,0.6591147037495843,0.4570017165012028
PER,2013,6021.46142765232,29817919.0,7478.0,7372300.0,1,8.703085270909416,17.210620079486812,-0.06299621399312905,0.003968522977468108,0.2903838255023364,0.2495829663819913,0.6412421711546253
PER,2014,6103.91864749969,30115826.0,7344.0,8297600.0,1,8.716686245139517,17.220561372275743,-0.04939523976302773,0.002439889711246996,0.2903838255023364,0.2495829663819913,0.6412421711546253
PER,2015,6231.71150338894,30457600.0,5877.0,8285950.0,1,8.737406293698061,17.231846110468872,-0.02867519120448314,0.0008222665906136673,0.2903838255023364,0.2495829663819913,0.6412421711546253
PER,2016,6392.25474941014,30866494.0,6215.0,9493575.0,1,8.762842341065296,17.245181816980168,-0.003239143837248548,1.049205279838525e-05,0.2903838255023364,0.2495829663819913,0.6412421711546253
PER,2017,6457.41940254721,31324637.0,5571.0,9818725.0,1,8.772985043676032,17.259915470490913,0.006903558773487362,4.7659123738994324e-05,0.2903838255023364,0.2495829663819913,0.6412421711546253
PHL,2013,2654.41506933978,102076336.0,24562.0,9479675.0,1,7.8839795965372215,18.441231483499642,-0.8821018883653231,0.7781037414576689,-0.0368418812613809,0.0266522569450726,-0.1715612374696827
PHL,2014,2776.92005909479,103767130.0,36986.0,13664600.0,1,7.929097700106277,18.45765981187992,-0.836983784796268,0.7005418560118855,-0.0368418812613809,0.0266522569450726,-0.1715612374696827
PHL,2015,2909.85818010301,105312992.0,45869.0,16054225.0,1,7.975859623618142,18.47244735031013,-0.7902218612844027,0.6244505900517858,-0.0368418812613809,0.0266522569450726,-0.1715612374696827
PHL,2016,3076.3374186759,106735719.0,48317.0,16305575.0,1,8.031495018587451,18.4858664212642,-0.7345864663150934,0.5396172764932958,-0.0368418812613809,0.0266522569450726,-0.1715612374696827
PHL,2017,3247.4503878362,108119693.0,54823.0,17612100.0,1,8.085625471395327,18.49874943993083,-0.680456013507218,0.4630203863181352,-0.0368418812613809,0.0266522569450726,-0.1715612374696827
PLW,2013,14184.0449521037,17648.0,0.0,0.0,0,9.55987301696107,9.778377741493284,0.7937915320585258,0.6301049963678216,,,
PLW,2014,14725.8436432778,17715.0,0.0,0.0,0,9.59735930014024,9.782167017299573,0.8312778152376961,0.6910228061063571,,,
PLW,2015,15938.3652222848,17770.0,0.0,0.0,0,9.676484388884303,9.785266921148697,0.9104029039817583,0.8288334475784186,,,
PLW,2016,16179.3959628749,17797.0,0.0,0.0,0,9.691493857584025,9.786785182749986,0.92541237268148,0.8563880595119665,,,
PLW,2017,15612.6700180498,17812.0,0.0,0.0,0,9.65583804424162,9.787627666441592,0.8897565593390748,0.7916667348869085,,,
PNG,2013,2162.10592595591,8302698.0,1.0,50000.0,1,7.678837991428156,15.932091080187156,-1.0872434934743884,1.1820984141023925,-0.3867493279853161,-0.364050709554073,-0.6635657932524055
PNG,2014,2391.3578028163,8523441.0,0.0,0.0,0,7.779616601940612,15.95833069051009,-0.9864648829619327,0.9731129653170996,-0.3867493279853161,-0.364050709554073,-0.6635657932524055
PNG,2015,2484.5963398603,8743246.0,0.0,0.0,0,7.817865486648128,15.983792074562347,-0.9482159982544163,0.8991135793456192,-0.3867493279853161,-0.364050709554073,-0.6635657932524055
PNG,2016,2557.09463030035,8961718.0,0.0,0.0,0,7.846626982936606,16.008472507642573,-0.9194545019659381,0.8453965811854314,-0.3867493279853161,-0.364050709554073,-0.6635657932524055
PNG,2017,2584.8883636271,9178714.0,0.0,0.0,0,7.857437599792221,16.032397665637582,-0.9086438851103233,0.8256337099483825,-0.3867493279853161,-0.364050709554073,-0.6635657932524055
POL,2013,11628.2286809525,38040196.0,0.0,0.0,0,9.36119092788997,17.454153948099272,0.5951094429874253,0.3541552491328036,,,
POL,2014,12093.1622787394,38011735.0,0.0,0.0,0,9.400395470924495,17.453405485806353,0.6343139860219509,0.4023542328630557,,,
POL,2015,12637.5220324406,37986412.0,0.0,0.0,0,9.444425606744861,17.452739074796696,0.6783441218423167,0.4601507476380239,,,
POL,2016,13026.1858988718,37970087.0,0.0,0.0,0,9.474716910374987,17.45230922348795,0.7086354254724423,0.5021641662345093,,,
POL,2017,13695.6452848724,37974826.0,0.0,0.0,0,9.524833198869176,17.452434024473796,0.7587517139666318,0.5757041634473014,,,
PRI,2013,29115.3549161996,3631427.0,1.0,2500.0,1,10.279020974346315,15.105136241940041,1.5129394894437702,2.288985898718376,0.8865030259421778,0.8038128656544229,
PRI,2014,29141.2038639816,3585017.0,0.0,0.0,0,10.27990839200433,15.092273773985088,1.5138269071017856,2.291671904665358,0.8865030259421778,0.8038128656544229,
PRI,2015,29242.041465085,3535167.0,19.0,83300.0,1,10.28336272897395,15.078271098063992,1.5172812440714054,2.302142373610872,0.8865030259421778,0.8038128656544229,
PRI,2016,29326.5748761873,3480432.0,34.0,189100.0,1,10.286249376297468,15.062666981977216,1.520167891394923,2.3109104180280866,0.8865030259421778,0.8038128656544229,
PRI,2017,29061.5563802711,3410837.0,26.0,167000.0,1,10.277171493166762,15.042468273686115,1.5110900082642171,2.2833930130759517,0.8865030259421778,0.8038128656544229,
PRT,2013,18597.7214623964,10457295.0,0.0,0.0,0,9.830794350175609,16.162810378950716,1.064712865273064,1.1336134854779776,,,
PRT,2014,18836.8967978906,10401062.0,0.0,0.0,0,9.843572821075838,16.157418474282796,1.0774913361732938,1.16098757952851,,,
PRT,2015,19215.7813014347,10358076.0,0.0,0.0,0,9.863487163188946,16.153277063262863,1.0974056782864015,1.204299222735237,,,
PRT,2016,19662.82312462,10325452.0,0.0,0.0,0,9.886484980778611,16.150122473092885,1.120403495876067,1.255303993571312,,,
PRT,2017,20364.1962735946,10300300.0,0.0,0.0,0,9.921533553239117,16.147683578989298,1.1554520683365723,1.335069482223263,,,
PRY,2013,5583.12274473463,5982445.0,2304.0,5991800.0,1,8.627503530512824,15.60433990524142,-0.13857795438972076,0.019203849442839527,0.1513640805521076,0.0851654855170587,-0.2204825576358964
PRY,2014,5794.4764468976,6069811.0,2714.0,6653900.0,1,8.66466040603197,15.618838025812867,-0.10142107887057428,0.010286235239271248,0.1513640805521076,0.0851654855170587,-0.2204825576358964
PRY,2015,5879.33792308671,6159103.0,3268.0,8026700.0,1,8.679199436438523,15.633441708023417,-0.08688204846402137,0.007548490345304557,0.1513640805521076,0.0851654855170587,-0.2204825576358964
PRY,2016,6041.95879367268,6249126.0,3736.0,9578775.0,1,8.70648354194201,15.64795217193406,-0.05959794296053467,0.0035519148051271435,0.1513640805521076,0.0851654855170587,-0.2204825576358964
PRY,2017,6243.13363139058,6338660.0,4224.0,10406100.0,1,8.739237519828748,15.662177947607606,-0.026843965073796383,0.0007205984608832,0.1513640805521076,0.0851654855170587,-0.2204825576358964
PSE,2013,3309.63120243098,4076708.0,1275.0,2100300.0,1,8.104592042958386,15.220800357946299,-0.661489441944159,0.43756828180359497,-0.84008509112857,-0.6596870062308308,-0.945161322351654
PSE,2014,3227.84934482645,4173398.0,1570.0,2276575.0,1,8.079571356933426,15.244241130055736,-0.6865101279691181,0.471296155804175,-0.84008509112857,-0.6596870062308308,-0.945161322351654
PSE,2015,3272.15432360708,4270092.0,2117.0,3324725.0,1,8.093203861526998,15.267145930640151,-0.6728776233755465,0.45276429603952373,-0.84008509112857,-0.6596870062308308,-0.945161322351654
PSE,2016,3483.09903532972,4367088.0,2993.0,5050975.0,1,8.15567770387785,15.289606983398167,-0.6104037810246954,0.3725927758892443,-0.84008509112857,-0.6596870062308308,-0.945161322351654
PSE,2017,3462.97986107136,4454805.0,2752.0,4566750.0,1,8.149884728928209,15.309493846885296,-0.616196755974336,0.3796984420732954,-0.84008509112857,-0.6596870062308308,-0.945161322351654
PYF,2013,18930.1268887012,274728.0,0.0,0.0,0,9.848509947229038,12.523536796266422,1.0824284623264937,1.1716513760544975,,,
PYF,2014,18928.1858620128,276387.0,0.0,0.0,0,9.848407405591598,12.529557336484459,1.082325920689053,1.1714293985954063,,,
PYF,2015,19166.9594761931,277866.0,0.0,0.0,0,9.860943215019411,12.534894262078007,1.0948617301168664,1.198722208074498,,,
PYF,2016,19516.0718353276,279178.0,0.0,0.0,0,9.878993601771729,12.539604850204137,1.1129121168691842,1.2385733798742489,,,
PYF,2017,20287.7685831663,280087.0,0.0,0.0,0,9.917773450585063,12.542855548175414,1.1516919656825184,1.3263943838176633,,,
QAT,2013,77379.6735599552,1916426.0,0.0,0.0,0,11.256479409583873,14.46597255100406,2.4903979246813286,6.2020818232570685,,,
QAT,2014,71756.0649338302,2151745.0,0.0,0.0,0,11.181027658744016,14.581789698819001,2.4149461738414715,5.831965022551563,,,
QAT,2015,68985.2946961507,2344557.0,0.0,0.0,0,11.141648640520387,14.667607029436331,2.3755671556178424,5.643319310850246,,,
QAT,2016,67294.4585771356,2477113.0,0.0,0.0,0,11.116833173121455,14.722604327132201,2.35075168821891,5.526033499664056,,,
QAT,2017,64497.6987225375,2545820.0,0.0,0.0,0,11.074384823427014,14.749963356464288,2.3083033385244693,5.328264302643211,,,
ROU,2013,8287.95844089676,19983693.0,0.0,0.0,0,9.022558950116128,16.810427148939663,0.2564774652135835,0.06578069016238493,,,
ROU,2014,8661.47397274241,19908979.0,0.0,0.0,0,9.066640191777969,16.80668139396204,0.3005587068754245,0.09033553627862737,,,
ROU,2015,8977.01748158196,19815616.0,0.0,0.0,0,9.102422977129411,16.801980871683394,0.3363414922268664,0.11312559939339521,,,
ROU,2016,9286.87678236598,19702267.0,0.0,0.0,0,9.136357583933709,16.796244263229596,0.3702760990311642,0.13710438951373652,,,
ROU,2017,10106.2269557253,19588715.0,0.0,0.0,0,9.220907043122477,16.79046419307813,0.4548255582199321,0.20686628841007285,,,
RUS,2013,9601.537109375,143805638.0,0.0,0.0,0,9.169678480198696,18.783973209714905,0.40359699529615156,0.16289053461208178,,,
RUS,2014,9493.8125,144237223.0,0.0,0.0,0,9.158395549600886,18.786969884039504,0.3923140646983416,0.15391032536013458,,,
RUS,2015,9277.7138671875,144640716.0,0.0,0.0,0,9.135370444912384,18.789763404817126,0.3692889600098397,0.13637433598514898,,,
RUS,2016,9269.3173828125,145015460.0,0.0,0.0,0,9.134465018611492,18.792350915390923,0.36838353370894694,0.13570642790789084,,,
RUS,2017,9418.99609375,145293260.0,0.0,0.0,0,9.150483790102484,18.794264740678653,0.3844023051999397,0.14776513224302756,,,
RWA,2013,661.893969452494,11093340.0,2165.0,2043050.0,1,6.495105376118715,16.22185548621053,-2.270976108783829,5.1573324866669426,0.7496024821358792,0.6822766035995483,-0.6621318514780514
RWA,2014,682.709499066795,11364757.0,1825.0,2192225.0,1,6.526069438296669,16.246027633605966,-2.2400120466058757,5.0176539689394435,0.7496024821358792,0.6822766035995483,-0.6621318514780514
RWA,2015,725.691418696952,11640022.0,2019.0,4904500.0,1,6.58712488135122,16.269959890300143,-2.178956603551325,4.747851880159925,0.7496024821358792,0.6822766035995483,-0.6621318514780514
RWA,2016,748.798132068173,11919183.0,1982.0,5680350.0,1,6.618469430593194,16.29365967698403,-2.1476120543093504,4.612237535814828,0.7496024821358792,0.6822766035995483,-0.6621318514780514
RWA,2017,765.845359390541,12202060.0,1823.0,7535000.0,1,6.640980268668742,16.31711534790853,-2.1251012162338023,4.516055179238386,0.7496024821358792,0.6822766035995483,-0.6621318514780514
SAU,2013,23057.3494468535,27624004.0,0.0,0.0,0,10.045739845623242,17.13419566285358,1.2796583607206973,1.6375255201623822,,,
SAU,2014,23404.7306039825,28309273.0,0.0,0.0,0,10.06069344347705,17.158699976786604,1.2946119585745048,1.6760201232841154,,,
SAU,2015,23256.1549553531,29816382.0,0.0,0.0,0,10.054325105243393,17.210568531972225,1.2882436203408485,1.6595716253488961,,,
SAU,2016,22783.0328538685,30954198.0,0.0,0.0,0,10.033771364832356,17.24801918602287,1.2676898799298115,1.6070376316764599,,,
SAU,2017,23035.1199977707,30977355.0,0.0,0.0,0,10.04477528672353,17.248767011645107,1.2786938018209852,1.6350578388154051,,,
SDN,2013,1283.45922851563,37785849.0,0.0,0.0,0,7.157314233944265,17.447445225418353,-1.6087672509582793,2.5881320677558595,,,
SDN,2014,1307.3896484375,38823318.0,0.0,0.0,0,7.175787793476717,17.47453160345916,-1.5902936914258277,2.5290340249887855,,,
SDN,2015,1292.37963867188,40024431.0,0.0,0.0,0,7.164240479161954,17.505000600631075,-1.6018410057405905,2.5658946076720266,,,
SDN,2016,1297.15454101563,41259892.0,0.0,0.0,0,7.167928329890364,17.535401448056692,-1.5981531550121808,2.5540935068753874,,,
SDN,2017,1261.87353515625,42714306.0,0.0,0.0,0,7.140352828219474,17.57004445721592,-1.6257286566830702,2.64299366516054,,,
SEN,2013,1147.3859217191,13710849.0,1429.0,2343450.0,1,7.045241522368861,16.433697975222938,-1.7208399625336837,2.9612901766529296,0.5214437885796537,0.453703614484763,-0.6874880639184823
SEN,2014,1180.7987108505,14152102.0,1204.0,2268325.0,1,7.073946362086212,16.465373722257628,-1.6921351228163326,2.863321273868645,0.5214437885796537,0.453703614484763,-0.6874880639184823
SEN,2015,1218.00613555438,14593331.0,893.0,2085725.0,1,7.104970485658123,16.496075201500506,-1.6611109992444213,2.7592897518107997,0.5214437885796537,0.453703614484763,-0.6874880639184823
SEN,2016,1257.40906916238,15034521.0,551.0,1408200.0,1,7.136808588554078,16.52585951490158,-1.6292728963484668,2.654530170775722,0.5214437885796537,0.453703614484763,-0.6874880639184823
SEN,2017,1312.10932775878,15475002.0,1269.0,2787600.0,1,7.179391295116795,16.554736505775637,-1.5866901897857497,2.5175857583623387,0.5214437885796537,0.453703614484763,-0.6874880639184823
SGP,2013,53298.9728558286,5399162.0,0.0,0.0,0,10.88367233897066,15.50175431430685,2.1175908540681156,4.484191025232931,,,
SGP,2014,54681.9336458253,5469724.0,0.0,0.0,0,10.909288653157498,15.514738716086773,2.1432071682549534,4.593336966059416,,,
SGP,2015,55645.6068614606,5535002.0,0.0,0.0,0,10.92675841129577,15.526602485461757,2.1606769263932257,4.668524780248077,,,
SGP,2016,57076.5241936787,5607283.0,0.0,0.0,0,10.952148176143107,15.539576846455615,2.186066691240562,4.778887578551458,,,
SGP,2017,59493.3758595703,5612253.0,0.0,0.0,0,10.99362025524481,15.54046280115554,2.2275387703422656,4.961928973377932,,,
SLB,2013,2136.72116177034,594945.0,0.0,0.0,0,7.667027765650074,13.296224243280417,-1.0990537192524705,1.2079190778026883,0.4811046684447631,0.3421708079559384,-0.2565314768377725
SLB,2014,2085.16067273086,616908.0,4.0,2025.0,1,7.642601192525639,13.332475183179783,-1.1234802923769056,1.2622079673592974,0.4811046684447631,0.3421708079559384,-0.2565314768377725
SLB,2015,2045.47721526649,639415.0,116.0,87500.0,1,7.623386398351897,13.368308974825984,-1.1426950865506473,1.3057520608269915,0.4811046684447631,0.3421708079559384,-0.2565314768377725
SLB,2016,2084.24845745225,662379.0,116.0,116000.0,1,7.642163617193172,13.40359317865209,-1.1239178677093724,1.2631913733563824,0.4811046684447631,0.3421708079559384,-0.2565314768377725
SLB,2017,2075.36705302305,685672.0,667.0,610050.0,1,7.6378933100442294,13.438154658254673,-1.1281881748583151,1.2728085578901362,0.4811046684447631,0.3421708079559384,-0.2565314768377725
SLE,2013,1146.81973456475,6714051.0,3094.0,1902150.0,1,7.044747942236414,15.719713052561184,-1.7213335426661303,2.9629891651075306,-0.2251935048830175,-0.2941526794058178,
SLE,2014,1032.23789355905,6876385.0,2222.0,1402450.0,1,6.939484436491127,15.743603635773121,-1.8265970484114176,3.3364567772653024,-0.2251935048830175,-0.2941526794058178,
SLE,2015,964.575980888989,7037655.0,476.0,605350.0,1,6.87168860673288,15.766785576054325,-1.8943928781696648,3.588724376859947,-0.2251935048830175,-0.2941526794058178,
SLE,2016,1002.77862282013,7205328.0,1318.0,1391900.0,1,6.910530048566022,15.790331310321283,-1.8555514363365226,3.443071132890532,-0.2251935048830175,-0.2941526794058178,
SLE,2017,1010.54694071207,7379299.0,2387.0,1373750.0,1,6.918246988720802,15.814189205615293,-1.8478344961817426,3.4144923252792343,-0.2251935048830175,-0.2941526794058178,
SLV,2013,3665.90044167854,6138839.0,7338.0,4438750.0,1,8.206829270823723,15.630146194296062,-0.5592522140788212,0.31276303895206364,-0.0116590516862428,-0.0636053604183108,0.0595149456081087
SLV,2014,3713.94992016222,6162955.0,13194.0,8480425.0,1,8.219851257751255,15.63406692827891,-0.5462302271512893,0.2983674610537491,-0.0116590516862428,-0.0636053604183108,0.0595149456081087
SLV,2015,3790.34089108162,6183676.0,11922.0,8237250.0,1,8.240211238908092,15.637423474603857,-0.5258702459944526,0.27653951562226614,-0.0116590516862428,-0.0636053604183108,0.0595149456081087
SLV,2016,3875.84691357954,6200800.0,9454.0,6443800.0,1,8.262519476250159,15.64018887394944,-0.503562008652386,0.25357469655802567,-0.0116590516862428,-0.0636053604183108,0.0595149456081087
SLV,2017,3954.84014277572,6213533.0,10137.0,6576650.0,1,8.282695460364838,15.642240213230417,-0.4833860245377064,0.2336620487183681,-0.0116590516862428,-0.0636053604183108,0.0595149456081087
SMR,2013,42293.4679807917,33041.0,0.0,0.0,0,10.6523879318523,10.405504493520723,1.8863064469497548,3.558152011804208,,,
SMR,2014,42492.831738275,32655.0,0.0,0.0,0,10.657090675705206,10.393753262336757,1.8910091908026612,3.5759157597001354,,,
SMR,2015,43146.8035302005,32897.0,0.0,0.0,0,10.672363615672651,10.401136747185486,1.9062821307701068,3.6339115620934184,,,
SMR,2016,43886.1965081114,33101.0,0.0,0.0,0,10.689355119280531,10.407318772389159,1.9232736343779866,3.698981472693509,,,
SMR,2017,43057.7582484571,33825.0,0.0,0.0,0,10.67029770844973,10.42895545303899,1.904216223547186,3.6260394260203066,,,
SOM,2013,397.108796344814,12869594.0,152.0,82850.0,1,5.984210289351987,16.37037803284317,-2.7818711955505577,7.738807348633889,-2.5512772048727532,-2.324572240010007,
SOM,2014,417.516796906402,13339491.0,29.0,62525.0,1,6.034324775592763,16.406239441801755,-2.7317567093097814,7.462494718859006,-2.5512772048727532,-2.324572240010007,
SOM,2015,445.583080073396,13806963.0,36.0,85850.0,1,6.099383716782181,16.440683588094597,-2.666697768120364,7.11127698649813,-2.5512772048727532,-2.324572240010007,
SOM,2016,458.92147682461,14348740.0,8.0,63200.0,1,6.1288791209694535,16.47917269143678,-2.637202363933091,6.954836308334284,-2.5512772048727532,-2.324572240010007,
SOM,2017,506.501098879426,14916629.0,2.0,14300.0,1,6.227526493241026,16.517987188874176,-2.5385549916615187,6.444261445689613,-2.5512772048727532,-2.324572240010007,
SRB,2013,5793.33614525565,7166553.0,0.0,0.0,0,8.664463595523246,15.784935343838887,-0.10161788937929828,0.010326195441903302,,,
SRB,2014,5716.54047153506,7131787.0,0.0,0.0,0,8.651119088732186,15.780072392123786,-0.11496239617035897,0.013216352533230566,,,
SRB,2015,5820.3215576888,7095383.0,0.0,0.0,0,8.669110789661225,15.77495484879656,-0.0969706952413194,0.009403315735584845,,,
SRB,2016,6024.95754653784,7058322.0,0.0,0.0,0,8.703665712116246,15.769717904165933,-0.06241577278629862,0.0038957286925108553,,,
SRB,2017,6200.26118592152,7020858.0,0.0,0.0,0,8.732346696907411,15.76439599075569,-0.033734787995133075,0.0011380359210765747,,,
SSD,2013,1165.16202707495,11166275.0,275.0,220775.0,1,7.0606154353635,16.22840863288519,-1.7054660495390443,2.908614446130314,-2.497344604000264,-2.254456262726725,-0.8855015453237196
SSD,2014,1197.09491969479,11235073.0,48.0,23750.0,1,7.087653000404688,16.23455096113275,-1.6784284844978563,2.8171221775737707,-2.497344604000264,-2.254456262726725,-0.8855015453237196
SSD,2015,1080.14718624765,11107561.0,111.0,47150.0,1,6.984852594395143,16.22313660556195,-1.7812288905074016,3.172776360378229,-2.497344604000264,-2.254456262726725,-0.8855015453237196
STP,2013,1263.70423995281,193148.0,0.0,0.0,0,7.1418025599483785,12.17121201339417,-1.624278924954166,2.6382820260502613,,,
STP,2014,1301.32146445028,196767.0,0.0,0.0,0,7.171135538267656,12.189775566613108,-1.5949459466348888,2.5438525726870616,,,
STP,2015,1298.10946596396,200291.0,0.0,0.0,0,7.1686642280408845,12.207526588043311,-1.59741725686166,2.5517418925194306,,,
STP,2016,1342.533807689,203689.0,0.0,0.0,0,7.202314008702069,12.224349599774955,-1.5637674762004758,2.445368719622406,,,
STP,2017,1375.59403284199,206970.0,0.0,0.0,0,7.226640940690306,12.240329134208263,-1.5394405442122387,2.3698771891644737,,,
SUR,2013,9303.46008775809,569020.0,69.0,198125.0,1,9.138141662394105,13.25167086187563,0.3720601774915604,0.13842877567505144,0.3957901484551155,0.3147970988092603,0.4641048306781648
SUR,2014,9224.24378410547,575373.0,105.0,290200.0,1,9.129590490925912,13.262773805119584,0.3635090060233672,0.13213879746009644,0.3957901484551155,0.3147970988092603,0.4641048306781648
SUR,2015,8813.61705392067,581627.0,96.0,212325.0,1,9.084053196979129,13.273584627782775,0.31797171207658437,0.10110600968091427,0.3957901484551155,0.3147970988092603,0.4641048306781648
SUR,2016,8293.31553031406,587757.0,22.0,48275.0,1,9.023205111516392,13.284068876157,0.257123626613847,0.06611255936305702,0.3957901484551155,0.3147970988092603,0.4641048306781648
SUR,2017,8338.69235401862,593713.0,0.0,0.0,0,9.02866169097553,13.294151316599805,0.26258020607298604,0.06894836462133182,0.3957901484551155,0.3147970988092603,0.4641048306781648
SVK,2013,15249.8824513785,5413393.0,0.0,0.0,0,9.632327073899523,15.50438662613644,0.8662455889969785,0.7503814204567221,,,
SVK,2014,15647.6491763517,5418649.0,0.0,0.0,0,9.658075972311597,15.505357080352276,0.8919944874090522,0.7956541655681377,,,
SVK,2015,16442.0760860018,5423801.0,0.0,0.0,0,9.70759894324071,15.506307419138757,0.9415174583381649,0.8864551243555581,,,
SVK,2016,16740.7413996428,5430798.0,0.0,0.0,0,9.725600632169233,15.507596642438328,0.959519147266688,0.920676993971392,,,
SVK,2017,17195.2888721963,5439232.0,0.0,0.0,0,9.752390722504042,15.509148432395202,0.9863092376014979,0.972805912178048,,,
SVN,2013,19704.2186005128,2059953.0,0.0,0.0,0,9.88858803395893,14.538193724971505,1.1225065490563857,1.2600209526744761,,,
SVN,2014,20228.7081986391,2061980.0,0.0,0.0,0,9.914858072395745,14.539177244190956,1.1487765874932006,1.319687647972523,,,
SVN,2015,20697.2748530619,2063531.0,0.0,0.0,0,9.937757320976354,14.539929151081072,1.1716758360738098,1.3728242648392612,,,
SVN,2016,21309.7122138949,2065042.0,0.0,0.0,0,9.966918220256982,14.540661123153487,1.2008367353544376,1.4420088649767036,,,
SVN,2017,22397.7634988337,2066388.0,0.0,0.0,0,10.01671638905634,14.541312713545977,1.2506349041537952,1.5640876634877725,,,
SWE,2013,48928.4994141291,9600379.0,0.0,0.0,0,10.798115315800002,16.07731313482545,2.0320338308974577,4.129161489911798,,,
SWE,2014,49557.6183647959,9696110.0,0.0,0.0,0,10.810891278995069,16.08723533211137,2.044809794092524,4.181247094016711,,,
SWE,2015,51188.1652120493,9799186.0,0.0,0.0,0,10.843263636106574,16.097809878966537,2.0771821512040294,4.3146856892806,,,
SWE,2016,51626.3235312369,9923085.0,0.0,0.0,0,10.851786967343648,16.110374418817567,2.085705482441103,4.350167359484874,,,
SWE,2017,51894.3748177808,10057698.0,0.0,0.0,0,10.856965678266043,16.12384886941319,2.0908841933634985,4.371796710057327,,,
SWZ,2013,3332.11983927912,1129990.0,0.0,0.0,0,8.11136396881017,13.937719341091844,-0.6547175160923739,0.42865502587816795,,,
SWZ,2014,3381.79292071291,1136299.0,0.0,0.0,0,8.126161297753303,13.94328704785643,-0.6399201871492419,0.4094978459211208,,,
SWZ,2015,3419.82276559528,1142813.0,0.0,0.0,0,8.13734400578844,13.949003324842833,-0.628737479114104,0.39531081764275844,,,
SWZ,2016,3500.17688847942,1149507.0,0.0,0.0,0,8.160568785765973,13.954843712771007,-0.6055126991365718,0.36664562881565654,,,
SWZ,2017,3596.23605400492,1158195.0,0.0,0.0,0,8.18764303693121,13.96237331672082,-0.5784384479713349,0.3345910380914867,,,
SXM,2013,38889.7715088035,35854.0,0.0,0.0,0,10.568486551812489,10.487210415814785,1.8024050669099445,3.2486640252226415,,,
SXM,2014,38623.1999405819,36672.0,0.0,0.0,0,10.56160840963399,10.509768800074411,1.7955269247314458,3.223916937435563,,,
SXM,2015,37839.6283815163,37471.0,0.0,0.0,0,10.541112202333137,10.531322579448695,1.7750307174305924,3.1507340478221635,,,
SXM,2016,37428.7027557069,38249.0,0.0,0.0,0,10.530193142422025,10.551872695122077,1.7641116575194804,3.1120899401961286,,,
SXM,2017,33945.4185182499,38996.0,0.0,0.0,0,10.432509175964498,10.571214355749163,1.666427691061953,2.776981249538072,,,
SYC,2013,14050.3135581314,89949.0,0.0,0.0,0,9.55039999181759,11.4069981220295,0.7843185069150458,0.6151555202894468,,,
SYC,2014,14395.6158118771,91359.0,0.0,0.0,0,9.57467898169896,11.422552079120651,0.8085974967964162,0.6538299118254304,,,
SYC,2015,15333.1051727105,93419.0,0.0,0.0,0,9.637769506651795,11.444850029652843,0.8716880217492502,0.7598400072611213,,,
SYC,2016,16962.6753972731,94677.0,0.0,0.0,0,9.738770644385793,11.458226377447845,0.9726891594832487,0.946124200976229,,,
SYC,2017,17921.5731976918,95843.0,0.0,0.0,0,9.793760472725365,11.470466715029657,1.0276789878228207,1.0561241020125374,,,
SYR,2013,884.328816905262,21666917.0,0.0,0.0,0,6.784828958300835,16.89129709297121,-1.9812525266017094,3.925361574165657,,,
SYR,2014,847.658909813856,20273659.0,0.0,0.0,0,6.742478325883029,16.824833015211166,-2.0236031590195154,4.094969745193762,,,
SYR,2015,847.731545352582,19424618.0,0.0,0.0,0,6.742564011795143,16.782051788644953,-2.0235174731074013,4.094622963970963,,,
SYR,2016,802.968607901263,19193834.0,0.0,0.0,0,6.688315619659879,16.77009963958631,-2.0777658652426654,4.317110990767602,,,
SYR,2017,795.881817153216,19224668.0,0.0,0.0,0,6.679450703908441,16.771704804026115,-2.0866307809941036,4.354028016192062,,,
TCA,2013,26477.5410719582,33653.0,0.0,0.0,0,10.184052145918894,10.42385748414504,1.4179706610163496,2.0106407955031433,,,
TCA,2014,27636.8210228067,35050.0,0.0,0.0,0,10.226904257620383,10.464530892462736,1.4608227727178384,2.1340031732910334,,,
TCA,2015,29457.0140691162,36605.0,0.0,0.0,0,10.290687329452664,10.507940122080743,1.5246058445501198,2.3244229812363844,,,
TCA,2016,30183.0002949881,38315.0,0.0,0.0,0,10.31503414073348,10.553596743404505,1.548952655830936,2.3992543300057103,,,
TCA,2017,50586.1032335151,39913.0,0.0,0.0,0,10.831432177901329,10.594457364348266,2.065350692998784,4.2656734850705575,,,
TCD,2013,1008.61711428961,13691079.0,0.0,0.0,0,6.916335477860363,16.432255010813254,-1.8497460070421816,3.4215602905684945,-1.2792716723624142,-1.181666269831679,-0.9261523888564897
TCD,2014,993.321157706456,14188678.0,0.0,0.0,0,6.9010540334137245,16.467954880596032,-1.86502745148882,3.4783273948068834,-1.2792716723624142,-1.181666269831679,-0.9261523888564897
TCD,2015,993.990730610869,14647621.0,0.0,0.0,0,6.901727881271915,16.499788491162317,-1.8643536036306294,3.475814359370514,-1.2792716723624142,-1.181666269831679,-0.9261523888564897
TCD,2016,923.565872051196,15114655.0,0.0,0.0,0,6.828242125792,16.53117536092693,-1.9378393591105443,3.755221381717965,-1.2792716723624142,-1.181666269831679,-0.9261523888564897
TCD,2017,879.075895464417,15622759.0,0.0,0.0,0,6.77887123692077,16.564239319300533,-1.9872102479817748,3.9490045696837868,-1.2792716723624142,-1.181666269831679,-0.9261523888564897
TGO,2013,759.841612443554,6798848.0,722.0,618275.0,1,6.633110006881569,15.732263744029835,-2.132971478020975,4.549567326050983,-0.4713137433331489,-0.4242182353159449,-0.679853535864526
TGO,2014,786.587399651446,6937644.0,836.0,397350.0,1,6.667703841119657,15.752472793578166,-2.0983776437828876,4.403188735927823,-0.4713137433331489,-0.4242182353159449,-0.679853535864526
TGO,2015,813.894676975085,7071502.0,2060.0,387025.0,1,6.7018309681655035,15.771583462268078,-2.064250516737041,4.261130195849141,-0.4713137433331489,-0.4242182353159449,-0.679853535864526
TGO,2016,832.959515987733,7200884.0,1871.0,431875.0,1,6.7249850407309895,15.789714354227486,-2.041096444171555,4.166074694409766,-0.4713137433331489,-0.4242182353159449,-0.679853535864526
TGO,2017,851.735728621337,7324386.0,2217.0,755725.0,1,6.747276301039784,15.806719886828503,-2.018805183862761,4.075574370391156,-0.4713137433331489,-0.4242182353159449,-0.679853535864526
THA,2013,5516.61164164135,69845114.0,32.0,24525.0,1,8.615519117762524,18.06179069132801,-0.15056236714002047,0.022669026398806316,0.5579980864705696,0.5659444531525342,0.914052210860223
THA,2014,5541.46599361845,70216367.0,24.0,54600.0,1,8.620014364522413,18.06709198996938,-0.14606712038013114,0.021335603656143724,0.5579980864705696,0.5659444531525342,0.914052210860223
THA,2015,5688.85335397884,70540795.0,21.0,44350.0,1,8.646263987300964,18.071701752909977,-0.11981749760158067,0.014356232731504789,0.5579980864705696,0.5659444531525342,0.914052210860223
THA,2016,5857.78052935926,70859841.0,109.0,246350.0,1,8.675526061571343,18.076214413537947,-0.09055542333120137,0.00820028469469309,0.5579980864705696,0.5659444531525342,0.914052210860223
THA,2017,6076.74307700082,71160187.0,58.0,236800.0,1,8.712224153308563,18.080444048639286,-0.05385733159398143,0.00290061216642407,0.5579980864705696,0.5659444531525342,0.914052210860223
TJK,2013,889.882383099979,8216724.0,3972.0,4996825.0,1,6.791089300172851,15.921682147448147,-1.9749921847296932,3.9005941297433666,-0.6260550143198025,-0.6335821163900288,-0.1447872414866565
TJK,2014,925.970961482804,8425552.0,4387.0,4597475.0,1,6.830842875064628,15.946779551344239,-1.9352386098379162,3.7451484770073904,-0.6260550143198025,-0.6335821163900288,-0.1447872414866565
TJK,2015,956.916310930656,8643840.0,4474.0,3714575.0,1,6.863715938235779,15.972357486488505,-1.9023655466667657,3.6189946731447424,-0.6260550143198025,-0.6335821163900288,-0.1447872414866565
TJK,2016,997.352614556708,8865631.0,6318.0,4021225.0,1,6.90510438301683,15.997692673750361,-1.8609771018857142,3.463235773742952,-0.6260550143198025,-0.6335821163900288,-0.1447872414866565
TJK,2017,1042.26391757642,9085946.0,8217.0,5344825.0,1,6.949150470067212,16.022239382074492,-1.8169310148353324,3.301238312670551,-0.6260550143198025,-0.6335821163900288,-0.1447872414866565
TKM,2013,5131.14087328544,5939341.0,0.0,0.0,0,8.543083305892582,15.597108742423282,-0.22299817900996288,0.04972818784175945,,,
TKM,2014,5535.50161297771,6075283.0,0.0,0.0,0,8.618937466687377,15.619739130468009,-0.1471440182151671,0.021651362096505426,,,
TKM,2015,5759.497903834,6215770.0,0.0,0.0,0,8.658605580417193,15.642600169058055,-0.10747590448535149,0.011551070044944397,,,
TKM,2016,5979.47627661058,6360041.0,0.0,0.0,0,8.696088263947289,15.665545381836406,-0.06999322095525606,0.004899050979691296,,,
TKM,2017,6221.41962759021,6507061.0,0.0,0.0,0,8.735753395638342,15.688398452952928,-0.030328089264202163,0.0009197929984174145,,,
TLS,2013,1281.92864092574,1158695.0,660.0,626900.0,1,7.156120973626996,13.962804929795038,-1.6099605112755482,2.5919728478666246,-0.0847433650871812,-0.1894144697496956,-0.4241427239426716
TLS,2014,1312.96494079465,1181903.0,756.0,634350.0,1,7.180043172342836,13.982636409282922,-1.5860383125597082,2.5155175289072464,-0.0847433650871812,-0.1894144697496956,-0.4241427239426716
TLS,2015,1319.59297370991,1205131.0,1087.0,1043900.0,1,7.18507861477971,14.002098832690933,-1.581002870122835,2.4995700753366417,-0.0847433650871812,-0.1894144697496956,-0.4241427239426716
TLS,2016,1333.6585468432,1228312.0,558.0,505600.0,1,7.195681231825078,14.021151427079724,-1.5704002530774668,2.4661569548657716,-0.0847433650871812,-0.1894144697496956,-0.4241427239426716
TLS,2017,1267.08660142883,1251703.0,615.0,544550.0,1,7.1444755295471,14.040015582053675,-1.6216059553554443,2.629605874444243,-0.0847433650871812,-0.1894144697496956,-0.4241427239426716
TON,2013,3962.16980948788,107078.0,0.0,0.0,0,8.28454708587763,11.581312819835654,-0.48153439902491435,0.23187537744428544,,,
TON,2014,4058.81584447473,106609.0,0.0,0.0,0,8.308646546131104,11.576923214917413,-0.45743493877144026,0.2092467232088313,,,
TON,2015,4123.90347238813,106095.0,0.0,0.0,0,8.324555438555482,11.5720901981382,-0.4415260463470627,0.19494524960286858,,,
TON,2016,4419.8147470039,105524.0,0.0,0.0,0,8.393853061750836,11.566693694178412,-0.372228423151709,0.13855399900200774,,,
TON,2017,4568.62484962494,105356.0,0.0,0.0,0,8.42696753042795,11.565100370624338,-0.3391139544745947,0.11499827411939748,,,
TTO,2013,19392.1974593783,1340557.0,0.0,0.0,0,9.872626071334645,14.10859575720136,1.1065445864321006,1.2244409217621885,,,
TTO,2014,20032.5402001718,1345343.0,0.0,0.0,0,9.905113240397837,14.112159557093724,1.1390317554952922,1.2973933400266873,,,
TTO,2015,19887.2327716498,1349667.0,0.0,0.0,0,9.897833235555126,14.11536845332072,1.1317517506525814,1.2808620251051828,,,
TTO,2016,18331.034459758,1353895.0,0.0,0.0,0,9.816350774580016,14.118496181441447,1.0502692896774715,1.1030655808396204,,,
TTO,2017,17402.6155328454,1356633.0,0.0,0.0,0,9.764375791885625,14.120516452717936,0.9982943069830803,0.9965915233548286,,,
TUN,2013,3947.58763533174,11141361.0,0.0,0.0,0,8.280859946094077,16.226174957352864,-0.4852215388084673,0.23543994172365693,,,
TUN,2014,4021.59954703591,11274288.0,0.0,0.0,0,8.299434999745554,16.238035292800305,-0.4666464851569909,0.21775894210937374,,,
TUN,2015,4014.94773686432,11402264.0,0.0,0.0,0,8.29777960932586,16.24932249013828,-0.46830187557668523,0.21930664666864116,,,
TUN,2016,4015.28893802703,11528674.0,0.0,0.0,0,8.297864588430892,16.26034788129522,-0.46821689647165243,0.21922706214154608,,,
TUN,2017,4062.80606534519,11650498.0,0.0,0.0,0,8.309629162962034,16.27085948384348,-0.45645232194051033,0.2083487222048833,,,
TUR,2013,10269.4489140773,76147624.0,13.0,5700.0,1,9.23692864170461,18.14818443524283,0.47084715680206557,0.22169704506858892,-0.1957538282789697,-0.0734041211720992,1.0186070459614938
TUR,2014,10597.9801881716,77181884.0,250.0,103375.0,1,9.268418713657828,18.16167532424485,0.5023372287552839,0.2523426913935384,-0.1957538282789697,-0.0734041211720992,1.0186070459614938
TUR,2015,11064.6494504662,78218479.0,497.0,226875.0,1,9.31151057104938,18.175016481947893,0.5454290861468358,0.2974928880149725,-0.1957538282789697,-0.0734041211720992,1.0186070459614938
TUR,2016,11279.6169531569,79277962.0,621.0,263875.0,1,9.330752566421996,18.188470741298378,0.5646710815194513,0.3188534303043469,-0.1957538282789697,-0.0734041211720992,1.0186070459614938
TUR,2017,12005.6459824832,80312698.0,583.0,248500.0,1,9.39313231666067,18.201438298420424,0.627050831758126,0.39319274560855766,-0.1957538282789697,-0.0734041211720992,1.0186070459614938
TUV,2013,3030.55285189857,11001.0,0.0,0.0,0,8.016500341232193,9.305741456739435,-0.7495811436703512,0.5618718909461518,,,
TUV,2014,3035.24325598472,10984.0,0.0,0.0,0,8.018046850523822,9.304194947447806,-0.7480346343787225,0.5595558142301091,,,
TUV,2015,3357.83417700071,10963.0,0.0,0.0,0,8.119051454941323,9.30228124567454,-0.6470300299612219,0.41864785967161977,,,
TUV,2016,3558.61212970652,10930.0,0.0,0.0,0,8.177125896628304,9.299266581170585,-0.5889555882742403,0.3468686849594565,,,
TUV,2017,3666.20189700038,10869.0,0.0,0.0,0,8.206911499714725,9.293669979563187,-0.55916998518782,0.31267107233494684,,,
TZA,2013,882.8115234375,48824128.0,634.0,2082250.0,1,6.783111727579558,17.70373517486451,-1.9829697573229863,3.9321690584575832,-0.1514276698095203,-0.171993106144884,
TZA,2014,913.811218261719,50351512.0,1319.0,2649000.0,1,6.817624005549459,17.73453920646942,-1.9484574793530856,3.7964865488469797,-0.1514276698095203,-0.171993106144884,
TZA,2015,939.127319335938,52020962.0,1618.0,1749650.0,1,6.844951060363835,17.76715731070114,-1.9211304245387097,3.690742108088283,-0.1514276698095203,-0.171993106144884,
TZA,2016,970.156127929688,53824013.0,1732.0,1827675.0,1,6.877457015173844,17.801230263842672,-1.8886244697287005,3.566902387658015,-0.1514276698095203,-0.171993106144884,
TZA,2017,1001.55895996094,55652890.0,2127.0,1910600.0,1,6.909313025026465,17.834644566053505,-1.8567684598760792,3.447589113590587,-0.1514276698095203,-0.171993106144884,
UGA,2013,828.988669729986,35337042.0,4948.0,3347850.0,1,6.7202064876474275,17.380442320164228,-2.045874997255117,4.185604504393625,-0.119363794218767,-0.096475184579678,-0.6934667668018717
UGA,2014,845.978664791099,36395539.0,7291.0,5654125.0,1,6.74049414036517,17.409956770151442,-2.0255873445373744,4.103004090349972,-0.119363794218767,-0.096475184579678,-0.6934667668018717
UGA,2015,862.934610355811,37531446.0,6130.0,4606200.0,1,6.760338918057234,17.440689699545633,-2.005742566845311,4.023003244455216,-0.119363794218767,-0.096475184579678,-0.6934667668018717
UGA,2016,874.648370639216,38799152.0,4524.0,3383950.0,1,6.773821943462781,17.47390894868456,-1.992259541439764,3.9690980804577785,-0.119363794218767,-0.096475184579678,-0.6934667668018717
UGA,2017,871.093880017151,40177388.0,5678.0,3795375.0,1,6.769749755220039,17.508814907771583,-1.9963317296825052,3.985340374937143,-0.119363794218767,-0.096475184579678,-0.6934667668018717
UKR,2013,2432.41625976563,46126770.0,525.0,1112300.0,1,7.7966403878830555,17.646904033572444,-0.9694410970194891,0.9398160405903505,-0.5290268957187734,-0.4041347921642272,0.8181439068952759
UKR,2014,2308.6435546875,45972380.0,367.0,765150.0,1,7.744415425280027,17.643551339337606,-1.0216660596225173,1.0438015373846012,-0.5290268957187734,-0.4041347921642272,0.8181439068952759
UKR,2015,2094.47387695313,45784896.0,228.0,341375.0,1,7.647057668097867,17.639464813035094,-1.1190238168046776,1.2522143025761086,-0.5290268957187734,-0.4041347921642272,0.8181439068952759
UKR,2016,2156.0830078125,45616832.0,249.0,357425.0,1,7.676048432128427,17.63578732918257,-1.0900330527741176,1.1881720561400622,-0.5290268957187734,-0.4041347921642272,0.8181439068952759
UKR,2017,2217.7529296875,45436041.0,247.0,335250.0,1,7.704249768417747,17.63181620270121,-1.0618317164847975,1.1274865941330512,-0.5290268957187734,-0.4041347921642272,0.8181439068952759
URY,2013,16639.4054750651,3345337.0,0.0,0.0,0,9.719528985074962,15.023077993853944,0.9534475001724179,0.9090621355850328,1.7057750829797544,1.516363656599946,1.3651527800240784
URY,2014,17122.0364563225,3356334.0,0.0,0.0,0,9.748121594509515,15.02635986485908,0.9820401096069702,0.96440277687687,1.7057750829797544,1.516363656599946,1.3651527800240784
URY,2015,17125.9016800298,3368017.0,0.0,0.0,0,9.748347314592769,15.029834701837554,0.982265829690224,0.9648461601770242,1.7057750829797544,1.516363656599946,1.3651527800240784
URY,2016,17357.2349992841,3379283.0,0.0,0.0,0,9.761764701294066,15.033174114778898,0.9956832163915212,0.9913850674037649,1.7057750829797544,1.516363656599946,1.3651527800240784
URY,2017,17611.6036800874,3388438.0,1.0,8000.0,1,9.776313263788442,15.035879606209265,1.0102317788858972,1.0205682470709643,1.7057750829797544,1.516363656599946,1.3651527800240784
USA,2013,54728.860179812,316726282.0,1097.0,5655975.0,1,10.910146457679765,19.573548495119628,2.1440649727772207,4.597014607490184,1.9551233625650144,1.8976306801624263,6.860834516386677
USA,2014,55665.2411187802,319257560.0,1329.0,6376475.0,1,10.927111193758208,19.581508733097717,2.161029708855663,4.670049402556792,1.9551233625650144,1.8976306801624263,6.860834516386677
USA,2015,56849.4697923159,321815121.0,1673.0,8999475.0,1,10.948162172702753,19.589487780231543,2.182080687800209,4.761476128070632,1.9551233625650144,1.8976306801624263,6.860834516386677
USA,2016,57430.8499298804,324353340.0,1929.0,10528225.0,1,10.958336893154724,19.597344035088433,2.19225540825218,4.805983775010932,1.9551233625650144,1.8976306801624263,6.860834516386677
USA,2017,58435.9707535619,326608609.0,2245.0,9831275.0,1,10.975686916765625,19.60427309761435,2.2096054318630802,4.882356164518829,1.9551233625650144,1.8976306801624263,6.860834516386677
UZB,2013,2823.00205379328,29724065.0,0.0,0.0,0,7.945556155774755,17.207467545042196,-0.8205253291277899,0.6732618157402679,,,
UZB,2014,2990.56339751192,30222994.0,0.0,0.0,0,8.003217075896057,17.2241135833627,-0.7628644090064878,0.5819621065288179,,,
UZB,2015,3172.89899391083,30749346.0,0.0,0.0,0,8.062400958082765,17.241379283697945,-0.7036805268197792,0.49516628382536204,,,
UZB,2016,3327.90932206401,31284568.0,0.0,0.0,0,8.110099554593935,17.25863549878482,-0.6559819303086094,0.43031229289140926,,,
UZB,2017,3425.78819696408,31819178.0,0.0,0.0,0,8.139086854720825,17.27557974773069,-0.62699463018172,0.39312226627671176,,,
VCT,2013,6996.57386151332,108135.0,0.0,0.0,0,8.853175859863265,11.591135725506788,0.0870943749607207,0.0075854301497986125,1.4690665682188182,1.2876730441911637,-0.0159990085105257
VCT,2014,7116.22071347207,107535.0,4.0,9275.0,1,8.870132064812884,11.585571654955082,0.10405057991033928,0.0108265231796779,1.4690665682188182,1.2876730441911637,-0.0159990085105257
VCT,2015,7353.73556054184,106960.0,12.0,39950.0,1,8.902963702626419,11.580210211775825,0.13688221772387443,0.018736741529006163,1.4690665682188182,1.2876730441911637,-0.0159990085105257
VCT,2016,7702.8942635647,106349.0,0.0,0.0,0,8.949351415602218,11.574481417669272,0.183269930699673,0.03358786749866295,1.4690665682188182,1.2876730441911637,-0.0159990085105257
VCT,2017,7872.92690537077,105663.0,0.0,0.0,0,8.971185178925793,11.56801006327378,0.2051036940232489,0.04206752530198251,1.4690665682188182,1.2876730441911637,-0.0159990085105257
VEN,2013,4642.55149314778,29912198.0,0.0,0.0,0,8.443019384850384,17.213776915034135,-0.3230621000521605,0.10436912049011217,,,
VEN,2014,4412.9795921313,30254079.0,0.0,0.0,0,8.39230538477014,17.225141576325836,-0.3737761001324049,0.1397085730301896,,,
VEN,2015,4096.61989137473,30573972.0,0.0,0.0,0,8.31791749593616,17.235659616731876,-0.4481639889663853,0.20085096100626235,,,
VEN,2016,3374.43091608185,30765720.0,0.0,0.0,0,8.12398197163188,17.24191164110082,-0.6420995132706651,0.41229178494242497,,,
VEN,2017,2863.33227846365,30565323.0,0.0,0.0,0,7.9597413579039475,17.235376689031856,-0.806340126998597,0.6501844004081135,,,
VIR,2013,34663.6460602129,108041.0,0.0,0.0,0,10.453446752780636,11.59026606369489,1.687365267878091,2.847201547241302,1.9538324438625376,1.7628768783746718,
VIR,2014,34098.7109972738,107882.0,2.0,10000.0,1,10.437014861890688,11.588793316199357,1.6709333769881436,2.7920183503330014,1.9538324438625376,1.7628768783746718,
VIR,2015,34007.3529411765,107712.0,0.0,0.0,0,10.434332043192612,11.587216277550478,1.668250558290067,2.7830599252351207,1.9538324438625376,1.7628768783746718,
VIR,2016,34614.7482633247,107516.0,0.0,0.0,0,10.452035120612035,11.585394952683998,1.68595363570949,2.8424396617620475,1.9538324438625376,1.7628768783746718,
VIR,2017,34435.4944455756,107281.0,0.0,0.0,0,10.446843126684355,11.583206839314055,1.6807616417818103,2.8249596964850863,1.9538324438625376,1.7628768783746718,
VNM,2013,2320.08431444934,90573104.0,1841.0,1970425.0,1,7.749358806435046,18.321667861597806,-1.0167226784674988,1.0337250049101248,0.6638173593006527,0.5979014487755485,0.4796090753681938
VNM,2014,2439.28655744423,91679578.0,2991.0,3981450.0,1,7.799460881041575,18.33381020795327,-0.9666206038609699,0.9343553918085461,0.6638173593006527,0.5979014487755485,0.4796090753681938
VNM,2015,2577.56885340113,92823254.0,2775.0,4275275.0,1,7.854601928784033,18.346207748262582,-0.9114795561185112,0.8307949812219981,0.6638173593006527,0.5979014487755485,0.4796090753681938
VNM,2016,2715.57887431272,94000117.0,3055.0,4392550.0,1,7.906760423016145,18.358806584914355,-0.8593210618863996,0.7384326874015693,0.6638173593006527,0.5979014487755485,0.4796090753681938
VNM,2017,2868.13680013379,95176977.0,4272.0,4694800.0,1,7.961417899373379,18.371248632278718,-0.8046635855291653,0.6474834858766523,0.6638173593006527,0.5979014487755485,0.4796090753681938
VUT,2013,3149.6849727764,254482.0,0.0,0.0,0,8.055057718176068,12.446985385555928,-0.7110237667264769,0.5055547968499075,1.0302763887454245,0.8283546837527732,0.1571748989306508
VUT,2014,3175.63375342175,260240.0,4.0,9250.0,1,8.06326249878482,12.469359561147233,-0.702818986117725,0.4939545272475469,1.0302763887454245,0.8283546837527732,0.1571748989306508
VUT,2015,3214.41948587141,266101.0,0.0,0.0,0,8.075402056097861,12.491631214944439,-0.6906794288046836,0.477038073373964,1.0302763887454245,0.8283546837527732,0.1571748989306508
VUT,2016,3257.49719984988,272087.0,0.0,0.0,0,8.088714449397672,12.513877147077263,-0.6773670355048722,0.4588261007886588,1.0302763887454245,0.8283546837527732,0.1571748989306508
VUT,2017,3316.81034596861,278507.0,0.0,0.0,0,8.106758860938774,12.537198472683516,-0.6593226239637708,0.434706322470472,1.0302763887454245,0.8283546837527732,0.1571748989306508
WSM,2013,3976.39289268132,198268.0,1590.0,994025.0,1,8.28813037896121,12.197374929826978,-0.47795110594133483,0.22843725967054507,1.9321286357959204,1.7219286290859543,0.6635438981315483
WSM,2014,3967.23730470679,200037.0,2049.0,1791975.0,1,8.285825238414336,12.206257628419785,-0.4802562464882083,0.2306460622909427,1.9321286357959204,1.7219286290859543,0.6635438981315483
WSM,2015,4084.36083819933,201782.0,1711.0,1339600.0,1,8.314920529495012,12.214943185698361,-0.4511609554075324,0.20354620768423745,1.9321286357959204,1.7219286290859543,0.6635438981315483
WSM,2016,4373.23792440391,203499.0,2521.0,2246550.0,1,8.383258957525818,12.223416369847799,-0.3828225273767263,0.14655308746710435,1.9321286357959204,1.7219286290859543,0.6635438981315483
WSM,2017,4393.37316255965,205415.0,2551.0,2120725.0,1,8.387852585180294,12.232787602047749,-0.3782288997222505,0.1430571005851042,1.9321286357959204,1.7219286290859543,0.6635438981315483
XKX,2013,3163.4704088827,1818119.0,345.0,531400.0,1,8.059424934625916,14.41331300812303,-0.7066565502766284,0.4993634800488651,,,
XKX,2014,3279.02345017707,1812788.0,518.0,766250.0,1,8.095300928443677,14.41037654963997,-0.6707805564588671,0.44994655492326746,,,
XKX,2015,3520.62685324451,1788274.0,243.0,328100.0,1,8.166394336045292,14.396761466822833,-0.599687148857253,0.35962467650454116,,,
XKX,2016,3739.17386677497,1777568.0,414.0,534150.0,1,8.226619974771877,14.390756695905289,-0.5394615101306677,0.29101872091246045,,,
XKX,2017,3890.17624537261,1791019.0,396.0,537600.0,1,8.266209742879878,14.398295289585127,-0.49987174202266615,0.2498717584727749,,,
YEM,2013,2014.7289059487,29312952.0,1034.0,848875.0,1,7.608239927339016,17.193540024094528,-1.1578415575635281,1.340597072421137,-2.503944771598196,-2.2267189246354904,
YEM,2014,1950.1625450589,30226309.0,1582.0,1355675.0,1,7.575668004524299,17.22422326204678,-1.190413480378246,1.4170842542662487,-2.503944771598196,-2.2267189246354904,
YEM,2015,1362.1738120601,31159379.0,380.0,334675.0,1,7.216837093883101,17.254625849371568,-1.5492443910194433,2.400158183105206,-2.503944771598196,-2.2267189246354904,
YEM,2016,1197.95865971172,32109010.0,179.0,83100.0,1,7.088374270326833,17.284647234073734,-1.6777072145757117,2.814701497839393,-2.503944771598196,-2.2267189246354904,
YEM,2017,1103.45634849842,33090921.0,238.0,140425.0,1,7.006202667595322,17.31476951269269,-1.7598788173072224,3.097173451606668,-2.503944771598196,-2.2267189246354904,
ZAF,2013,6170.87670863373,54678791.0,75.0,156200.0,1,8.727596198966356,17.81698645911472,-0.03848528593618816,0.0014811172335901623,0.4840101763363267,0.4624888458767162,3.301727840932471
ZAF,2014,6155.00589462516,55594838.0,52.0,90525.0,1,8.725020996315116,17.83360091318413,-0.04106048858742817,0.0016859637230383188,0.4840101763363267,0.4624888458767162,3.301727840932471
ZAF,2015,6112.27382485974,56723537.0,210.0,289350.0,1,8.718054131030598,17.853699797200182,-0.04802735387194623,0.002306626719941149,0.4840101763363267,0.4624888458767162,3.301727840932471
ZAF,2016,6095.295060428,57259551.0,107.0,175525.0,1,8.715272450986127,17.86310501617842,-0.050809033916417334,0.002581557927519647,0.4840101763363267,0.4624888458767162,3.301727840932471
ZAF,2017,6125.6920507497,57635162.0,10.0,68625.0,1,8.72024701690778,17.869643390805354,-0.04583446799476398,0.002100798456363044,0.4840101763363267,0.4624888458767162,3.301727840932471
ZMB,2013,1280.77012176778,15398997.0,160.0,286850.0,1,7.155216833621354,16.549812935392687,-1.6108646512811902,2.5948849247472703,0.0735515105791301,0.0183265908927678,-0.6711662096809118
ZMB,2014,1299.01241762504,15895315.0,222.0,285050.0,1,7.169359575997534,16.581534969683364,-1.5967219089050104,2.5495208543772603,0.0735515105791301,0.0183265908927678,-0.6711662096809118
ZMB,2015,1295.87788680068,16399089.0,179.0,390150.0,1,7.166943649325317,16.61273634247105,-1.5991378355772277,2.5572418171746203,0.0735515105791301,0.0183265908927678,-0.6711662096809118
ZMB,2016,1303.57513869133,16914423.0,228.0,351200.0,1,7.1728658755107055,16.64367724787998,-1.593215609391839,2.538335978009809,0.0735515105791301,0.0183265908927678,-0.6711662096809118
ZMB,2017,1308.76829240086,17441320.0,430.0,457300.0,1,7.176841739088681,16.674352661654304,-1.5892397458138632,2.5256829696745124,0.0735515105791301,0.0183265908927678,-0.6711662096809118
ZWE,2013,1367.81831689463,14013808.0,426.0,675275.0,1,7.22097228007501,16.455553687233632,-1.5451092048275346,2.3873624548427763,-0.948731813497086,-0.90139903864408,-0.4644249759444603
ZWE,2014,1381.25404125871,14207359.0,2077.0,1309425.0,1,7.230747091059944,16.469270627768427,-1.535334393842601,2.3572517009160268,-0.948731813497086,-0.90139903864408,-0.4644249759444603
ZWE,2015,1387.12632595026,14399013.0,601.0,729025.0,1,7.234989494718449,16.482670220530476,-1.5310919901840956,2.344242682405895,-0.948731813497086,-0.90139903864408,-0.4644249759444603
ZWE,2016,1378.34256192374,14600294.0,806.0,835000.0,1,7.228637014237937,16.49655222346212,-1.5374444706646075,2.3637355003771754,-0.948731813497086,-0.90139903864408,-0.4644249759444603
ZWE,2017,1422.91948946927,14812482.0,1081.0,1191200.0,1,7.260466018463444,16.51098076166901,-1.5056154664391004,2.2668779327806297,-0.948731813497086,-0.90139903864408,-0.4644249759444603
